{
  "model": "4o",
  "configs": {
    "path_only": "20260106_4o_path",
    "insp_only": "20260106_4o_insp",
    "both": "20260106_4o_both"
  },
  "summary": {
    "path_only": {
      "total": 121,
      "correct": 23,
      "incorrect": 98,
      "accuracy": 19.00826446280992
    },
    "insp_only": {
      "total": 121,
      "correct": 23,
      "incorrect": 98,
      "accuracy": 19.00826446280992
    },
    "both": {
      "total": 121,
      "correct": 19,
      "incorrect": 102,
      "accuracy": 15.702479338842975
    }
  },
  "intersection": {
    "all_three_wrong": [
      2,
      4,
      5,
      6,
      7,
      8,
      10,
      15,
      16,
      18,
      20,
      21,
      24,
      25,
      26,
      27,
      30,
      32,
      33,
      34,
      36,
      37,
      38,
      39,
      40,
      41,
      43,
      44,
      45,
      47,
      48,
      49,
      50,
      52,
      53,
      54,
      55,
      56,
      57,
      59,
      60,
      61,
      62,
      63,
      64,
      65,
      66,
      68,
      69,
      70,
      71,
      72,
      73,
      74,
      75,
      76,
      77,
      78,
      79,
      80,
      81,
      82,
      83,
      84,
      85,
      86,
      87,
      88,
      89,
      90,
      91,
      92,
      93,
      94,
      95,
      97,
      98,
      99,
      100,
      101,
      102,
      103,
      104,
      105,
      106,
      107,
      108,
      111,
      114,
      116,
      117
    ],
    "all_three_wrong_count": 91,
    "unique_errors_total": 108,
    "overlap_rate": 84.25925925925925,
    "path_insp_only": [],
    "path_both_only": [
      0,
      58,
      67,
      120
    ],
    "insp_both_only": [
      96,
      42,
      118,
      46
    ],
    "path_unique": [
      1,
      35,
      13
    ],
    "insp_unique": [
      28,
      110,
      31
    ],
    "both_unique": [
      11,
      3,
      109
    ]
  },
  "effectiveness": {
    "fixed_by_insp": 7,
    "fixed_by_both": 3,
    "new_by_insp": 7,
    "new_by_both": 7,
    "net_insp": 0,
    "net_both": -4
  }
}