{
  "model": "4omini",
  "configs": {
    "path_only": "20260106_4omini_path",
    "insp_only": "20260106_4omini_insp",
    "both": "20260106_4omini_both"
  },
  "summary": {
    "path_only": {
      "total": 121,
      "correct": 15,
      "incorrect": 106,
      "accuracy": 12.396694214876034
    },
    "insp_only": {
      "total": 121,
      "correct": 17,
      "incorrect": 104,
      "accuracy": 14.049586776859504
    },
    "both": {
      "total": 121,
      "correct": 17,
      "incorrect": 104,
      "accuracy": 14.049586776859504
    }
  },
  "intersection": {
    "all_three_wrong": [
      0,
      2,
      4,
      5,
      6,
      7,
      8,
      10,
      11,
      15,
      16,
      18,
      20,
      21,
      24,
      25,
      26,
      27,
      28,
      31,
      32,
      33,
      34,
      36,
      37,
      38,
      39,
      40,
      41,
      42,
      43,
      44,
      45,
      47,
      48,
      49,
      50,
      52,
      53,
      54,
      55,
      56,
      57,
      59,
      60,
      61,
      62,
      63,
      64,
      65,
      66,
      68,
      69,
      70,
      71,
      72,
      73,
      74,
      75,
      76,
      77,
      78,
      79,
      80,
      81,
      82,
      83,
      84,
      85,
      86,
      87,
      88,
      89,
      90,
      91,
      92,
      93,
      94,
      95,
      97,
      98,
      99,
      100,
      101,
      102,
      103,
      104,
      105,
      107,
      108,
      110,
      111,
      114,
      115,
      116,
      117,
      118,
      120
    ],
    "all_three_wrong_count": 98,
    "unique_errors_total": 112,
    "overlap_rate": 87.5,
    "path_insp_only": [
      13,
      14,
      119
    ],
    "path_both_only": [
      112,
      51
    ],
    "insp_both_only": [
      19
    ],
    "path_unique": [
      113,
      3,
      30
    ],
    "insp_unique": [
      96,
      17
    ],
    "both_unique": [
      67,
      12,
      29
    ]
  },
  "effectiveness": {
    "fixed_by_insp": 5,
    "fixed_by_both": 6,
    "new_by_insp": 3,
    "new_by_both": 4,
    "net_insp": 2,
    "net_both": 2
  }
}