idx,gold_sql,gold_nlq,llm_nlq,llm_nlq_rev,llm_nlq_rev_pass,gold_nlq_rev,gold_nlq_rev_pass,llm_nlq_rev_cross,llm_nlq_rev_cross_pass,llm_nlq_humanistic,llm_nlq_humanistic_pass,gold_rev_llm_nlq_mid_humanistic,gold_rev_llm_nlq_mid_humanistic_pass,gold_nlq_rev_v2,gold_nlq_rev_v2_pass
0,"SELECT DISTINCT d.FCLT_BUILDING_KEY, e.BUILDING_STREET_ADDRESS, d.CITY, d.STATE, d.POSTAL_CODE FROM FCLT_BUILDING_ADDRESS d JOIN FCLT_ROOMS a ON a.FCLT_BUILDING_KEY = d.FCLT_BUILDING_KEY JOIN FCLT_ORG_DLC_KEY b ON a.FCLT_ORGANIZATION_KEY = b.FCLT_ORGANIZATION_KEY JOIN MASTER_DEPT_HIERARCHY c ON b.DLC_KEY = c.DLC_KEY JOIN BUILDINGS e ON e.BUILDING_KEY = d.FCLT_BUILDING_KEY WHERE lower(c.DLC_NAME) = lower('History') AND d.ADDRESS_PURPOSE = 'STREET';","What is the current building key, building street address, city, state, and postal code of the history department?","Which buildings have rooms assigned to the History department, and what are their street addresses (street address, city, state, and postal code) for addresses whose purpose is “STREET”?","Which buildings have rooms assigned to the History department, and what are their street addresses (street address, city, state, and postal code) for addresses whose purpose is “STREET”?",True,"What is the current building key, building street address, city, state, and postal code of the history department **(where the history department is MASTER_DEPT_HIERARCHY.DLC_NAME = 'History' case-insensitively, and the building street address is the FCLT_BUILDING_ADDRESS record with ADDRESS_PURPOSE = 'STREET')**?",False,"Which buildings have rooms assigned to the History department, and what are their street addresses (street address, city, state, and postal code) for addresses whose purpose is “STREET”?",True,"Can you list the buildings used by the History department and their street addresses (address, city, state, ZIP code)?",False,"What are the building key, building street address, city, state, and postal code for buildings that have rooms assigned to the history department (using the street address)?",False,"What is the current building key, building street address, city, state, and postal code of the history department, only for street addresses, and with duplicate results removed?",False
1,"SELECT DISTINCT a.activity_title, d.session_location, c.term_start_date, b.person_name AS Leader FROM iap_subject_detail a JOIN iap_subject_person b ON a.iap_subject_person_key = b.iap_subject_person_key JOIN academic_terms_all c ON c.term_code = a.term_code JOIN iap_subject_session d ON a.iap_subject_session_key = d.iap_subject_session_key WHERE b.person_role = 'Activity leader' ORDER BY term_start_date ASC;","Show the unique activity titles, locations, term start date, and supervisor name for all independent activities, sorted by the ascending order of start date.","What are the distinct activity titles, locations, term start dates, and supervisor names (as the Leader) for records where the supervisor role is “Activity leader,” sorted by term start date in ascending order?","What are the distinct activity titles, locations, term start dates, and supervisor names (as the Leader) for records where the supervisor role is “Activity leader,” sorted by term start date in ascending order?",True,"Show the unique activity titles, locations, term start date, and supervisor name for all independent activities **where the supervisor’s person role is 'Activity leader'**, sorted by the ascending order of start date.",False,"What are the distinct activity titles, locations, term start dates, and supervisor names (as the Leader) for records where the supervisor role is “Activity leader,” sorted by term start date in ascending order?",True,"Can you list the activities along with their location, the term start date, and the activity leader’s name?",False,"Show the unique activity titles, locations, term start date, and supervisor name for all independent activities where the supervisor role is “Activity leader,” sorted by the ascending order of start date.",False,"Show the unique activity titles, locations, term start date, and supervisor name for all independent activities where the supervisor’s role is Activity leader, sorted by the ascending order of start date.",False
2,"SELECT DISTINCT LIBRARY_COURSE_INSTRUCTOR.instructor_name, LIBRARY_SUBJECT_OFFERED.subject_title, COUNT(LIBRARY_RESERVE_CATALOG.catalog_isbn) OVER (PARTITION BY LIBRARY_COURSE_INSTRUCTOR.LIBRARY_COURSE_INSTRUCTOR_KEY, LIBRARY_SUBJECT_OFFERED.LIBRARY_SUBJECT_OFFERED_KEY) FROM LIBRARY_COURSE_INSTRUCTOR JOIN LIBRARY_RESERVE_MATRL_DETAIL ON LIBRARY_COURSE_INSTRUCTOR.LIBRARY_COURSE_INSTRUCTOR_KEY = LIBRARY_RESERVE_MATRL_DETAIL.LIBRARY_COURSE_INSTRUCTOR_KEY JOIN LIBRARY_SUBJECT_OFFERED ON LIBRARY_SUBJECT_OFFERED.LIBRARY_SUBJECT_OFFERED_KEY = LIBRARY_RESERVE_MATRL_DETAIL.LIBRARY_SUBJECT_OFFERED_KEY JOIN LIBRARY_RESERVE_CATALOG ON LIBRARY_RESERVE_CATALOG.LIBRARY_RESERVE_CATALOG_KEY = LIBRARY_RESERVE_MATRL_DETAIL.LIBRARY_RESERVE_CATALOG_KEY;","List the unique course instructor names, course titles, and the amount of material for each course instructor key and the key of subject offered.","For each unique combination of course instructor name and course title, what is the amount of material (count of items) associated with that instructor and course?","For each unique combination of course instructor name and course title, list the instructor name, the course title, and the amount of material as the count of items, where the count is calculated per instructor-and-course combination (i.e., partitioned by that instructor and that course).",False,"List the unique course instructor names, course titles, and the amount of material for each course instructor key and the key of subject offered.",True,"For each unique combination of course instructor name and course title, list the instructor name and course title along with the amount of material, defined as the count of catalog ISBNs, counted over all reserve material detail records for that instructor and course (i.e., a windowed count partitioned by the instructor and the course).",False,"For each instructor and course, how many reserve materials are listed?",False,"List the unique course instructor names, course titles, and the amount of material (as the number of items) for each instructor-and-course combination, based on the course instructor key and the key of subject offered.",False,"List the unique course instructor names, course titles, and the amount of material (counting the catalog ISBNs) for each course instructor key and the key of subject offered.",False
3,"SELECT DISTINCT fac_rooms.Room, fac_rooms.floor, fac_building_address.BUILDING_KEY, BUILDINGS.BUILDING_STREET_ADDRESS, fac_building_address.CITY, fac_building_address.STATE, fac_building_address.POSTAL_CODE FROM (SELECT office_location FROM employee_directory WHERE full_name = 'Haynes, Summer') AS emp_office JOIN fac_rooms ON emp_office.office_location = fac_rooms.fac_room_key JOIN fac_building_address ON fac_rooms.building_key = fac_building_address.BUILDING_KEY JOIN BUILDINGS ON BUILDINGS.BUILDING_KEY = fac_building_address.BUILDING_KEY WHERE fac_building_address.ADDRESS_PURPOSE = 'STREET';","What is the room, floor, building key, building street address, city, state, and postal code of Professor Summer Haynes's office?","What are the room number, floor, building key, building street address, city, state, and postal code for the street address of the building where Professor Summer Haynes’s office is located (show each unique result only)?","What are the room number, floor, building key, building street address, city, state, and postal code for the street address of the building where Professor Summer Haynes’s office is located (show each unique result only)?",True,"What is the room, floor, building key, building street address **(for the STREET address purpose)**, city, state, and postal code of Professor Summer Haynes's office?",False,"What are the room number, floor, building key, building street address, city, state, and postal code for the street address of the building where Professor Summer Haynes’s office is located (show each unique result only)?",True,"Can you tell me the room and floor where Professor Summer Haynes’s office is, along with the building’s street address (city, state, and ZIP code)?",False,"What is the room, floor, building key, building street address, city, state, and postal code for the street address of the building where Professor Summer Haynes’s office is located?",False,"What is the room, floor, building key, building street address, city, state, and postal code of Professor Summer Haynes's office street address?",False
4,"SELECT DISTINCT fr.ROOM_FULL_NAME, b.BUILDING_NAME, b.BUILDING_STREET_ADDRESS, fba.CITY, fba.STATE, fba.POSTAL_CODE, fb.BUILDING_HEIGHT FROM COURSE_CATALOG_SUBJECT_OFFERED JOIN FCLT_ROOMS fr ON MEET_PLACE = FCLT_ROOM_KEY JOIN FCLT_BUILDING_ADDRESS fba ON fba.FCLT_BUILDING_KEY = fr.FCLT_BUILDING_KEY JOIN FCLT_BUILDING fb ON fb.FCLT_BUILDING_KEY = fr.FCLT_BUILDING_KEY JOIN BUILDINGS b ON b.BUILDING_KEY = fr.FCLT_BUILDING_KEY WHERE DEPARTMENT_NAME = 'Electrical Eng & Computer Sci' AND fba.ADDRESS_PURPOSE = 'STREET';","List the unique full room names, their corresponding building names, street addresses, cities, states, postal codes, and building heights for rooms associated with subjects that Computer Science students can enroll in.","What are the distinct full room names, along with their building name, street address, city, state, postal code, and building height, for rooms used by the Computer Science department, considering only buildings’ street-purpose addresses?","What are the distinct full room names, along with their building name, street address, city, state, postal code, and building height, for rooms used by the **Electrical Engineering & Computer Science** department, considering only **street-purpose** building addresses?",False,"List the unique full room names, their corresponding building names, street addresses **(only where the address purpose is 'STREET')**, cities, states, postal codes, and building heights for rooms associated with subjects that Computer Science students can enroll in **(i.e., where the department name is exactly 'Electrical Eng & Computer Sci')**.",False,"What are the distinct full room names, along with their building name, street address, city, state, postal code, and building height, for rooms used by the **Electrical Engineering & Computer Science** department, considering only buildings’ **street-purpose** addresses?",False,"Can you list the rooms used by the Computer Science department and include the building name, street address (city, state, ZIP), and the building height?",False,"List the unique full room names, their corresponding building names, street addresses (only the street address), cities, states, postal codes, and building heights for rooms associated with subjects offered by the Electrical Engineering & Computer Science department.",False,"List the unique full room names, their corresponding building names, street addresses, cities, states, postal codes, and building heights for rooms associated with subjects that Electrical Eng & Computer Sci students can enroll in, and only use the street address entries where the address purpose is STREET.",False
5,"SELECT DISTINCT s.TERM_CODE, s.subject_title, fr.room, fr.floor, b.BUILDING_KEY, b.BUILDING_STREET_ADDRESS, fba.CITY, fba.STATE, fba.POSTAL_CODE, s.form_type, s.num_enrolled_students FROM subject_offered s JOIN FCLT_ROOMS fr ON MEET_PLACE = FCLT_ROOM_KEY JOIN FCLT_BUILDING_ADDRESS fba ON fba.FCLT_BUILDING_KEY = fr.FCLT_BUILDING_KEY JOIN BUILDINGS b ON fr.FCLT_BUILDING_KEY = b.BUILDING_KEY WHERE s.num_enrolled_students > 300 AND fba.ADDRESS_PURPOSE = 'STREET';","List the unique term code, subject title, room, floor, building key, building street address, city, state, and postal code, formats, and number of enrolled students for all courses with more than 300 attendees.","Which subjects have more than 300 enrolled students, and for each one list the term code, subject title, room, floor, building key, building street address (street address only), city, state, postal code, format, and number of enrolled students?","Which subjects have more than 300 enrolled students, and for each one list the term code, subject title, room, floor, building key, building street address (street address only), city, state, postal code, format, and number of enrolled students?",True,"List the unique term code, subject title, room, floor, building key, building street address, city, state, and postal code, formats, and number of enrolled students for all courses with more than 300 attendees **and only where the building street address has address purpose equal to 'STREET'**.",False,"Which subjects have more than 300 enrolled students, and for each one list the term code, subject title, room, floor, building key, the building’s street address (only the address whose purpose is “STREET”), city, state, postal code, format, and number of enrolled students, with duplicate rows removed?",False,"Can you show me all classes with more than 300 students enrolled, along with the term, class title, format, enrollment count, and where they meet (building and room, including the building address)?",False,"List the unique term code, subject title, room, floor, building key, building street address (street address only), city, state, and postal code, formats, and number of enrolled students for all courses with more than 300 attendees.",False,"List the unique term code, subject title, room, floor, building key, building street address, city, state, and postal code, formats, and number of enrolled students for all courses with more than 300 attendees, and only use the street address (not any other address type).",False
6,"SELECT DISTINCT tso.SUBJECT_TITLE, tm.title, tm.isbn, tm.new_shelf_price, SUM(tm.new_shelf_price) OVER(PARTITION BY tso.SUBJECT_TITLE) FROM tip_material tm JOIN TIP_DETAIL td ON tm.TIP_MATERIAL_KEY = td.TIP_MATERIAL_KEY JOIN TIP_SUBJECT_OFFERED tso ON tso.SUBJECT_ID = td.SUBJECT_ID ORDER BY tm.new_shelf_price ASC;","What are the subject titles, their material titles, ISBN numbers, new shelf prices, and total costs of new materials for each subject title, sorted by individual item prices in ascending order?","For each subject title, list each associated material’s title, ISBN number, and new shelf price, and also show the total cost of new materials for that subject (sum of new shelf prices across all its materials), returning distinct rows and sorting the results by new shelf price in ascending order.","For each subject title, list each associated material’s title, ISBN number, and new shelf price, and also show the total cost of new materials for that subject (sum of new shelf prices across all its materials), returning distinct rows and sorting the results by new shelf price in ascending order.",True,"What are the **distinct** subject titles, their material titles, ISBN numbers, new shelf prices, and total costs of new materials for each subject title **(where the total cost is the SUM of new shelf prices computed as a window function OVER(PARTITION BY subject title), repeated on each row for that subject title)**, sorted by individual item prices in ascending order?",False,"For each subject title, list each associated material’s title, ISBN number, and new shelf price, and also show the total cost of new materials for that subject (sum of new shelf prices across all its materials), returning distinct rows and sorting the results by new shelf price in ascending order.",True,"Can you show me, by subject, the list of materials with their title, ISBN, and new shelf price, along with the total new-material cost for each subject?",False,"What are the subject titles, their material titles, ISBN numbers, new shelf prices, and total costs of new materials for each subject title, sorted by individual item prices in ascending order?",True,,True
7,"SELECT * FROM (SELECT DISTINCT a.BUILDING_NAME_LONG, a.year_built, COUNT(employee_directory.MIT_ID) OVER (PARTITION BY a.BUILDING_NAME_LONG, a.year_built) AS num_employees FROM (SELECT * FROM (SELECT DISTINCT FCLT_BUILDING_KEY, BUILDING_NAME_LONG, EXTRACT(YEAR FROM STR_TO_DATE(date_built, '%m/%d/%Y')) AS year_built FROM fclt_building_hist) AS sub1 WHERE year_built < 1950) AS a JOIN fclt_rooms ON fclt_rooms.FCLT_BUILDING_KEY = a.FCLT_BUILDING_KEY JOIN (SELECT DISTINCT MIT_ID, OFFICE_LOCATION FROM employee_directory) AS employee_directory ON employee_directory.OFFICE_LOCATION = fclt_rooms.BUILDING_ROOM) AS sub2 WHERE num_employees > 100;","List the long names of buildings constructed before 1950 that have more than 100 employees, the built year of the building, and number of employees.","Which buildings with a built year earlier than 1950 have more than 100 employees assigned to offices in rooms located in that building, and for each such building and built year, what are the building’s long name, the built year, and the total number of employees?","Which buildings with a built year earlier than 1950 have more than 100 employees assigned to offices in rooms located in that building, and for each such building and built year, what are the building’s long name, the built year, and the total number of employees?",True,"List the long names of buildings constructed before 1950 that have more than 100 employees **(counting distinct employees by MIT_ID whose OFFICE_LOCATION matches a room’s BUILDING_ROOM in that building)**, the built year of the building, and number of employees.",False,"Which buildings with a built year earlier than 1950 have more than 100 employees assigned to offices in rooms located in that building, and for each such building and built year, what are the building’s long name, the built year, and the total number of employees?",True,"Can you show me the buildings built before 1950 that have more than 100 employees with offices there, along with the building name, the year it was built, and the employee count?",False,"List the long names of buildings constructed before 1950 that have more than 100 employees with offices in rooms located in that building, along with the building’s built year and the number of employees.",False,"List the long names of buildings constructed before 1950 that have more than 100 employees, the built year of the building, and number of employees, counting employees whose office location matches a room in the building.",False
8,"SELECT fb.BUILDING_NAME, COUNT(DISTINCT ccc.subject_id) FROM cis_course_catalog ccc JOIN COURSE_CATALOG_SUBJECT_OFFERED ccso ON ccc.SUBJECT_ID = ccso.SUBJECT_ID JOIN FCLT_ROOMS fr ON ccso.MEET_PLACE = fr.FCLT_ROOM_KEY JOIN FCLT_BUILDING fb ON fb.FCLT_BUILDING_KEY = fr.FCLT_BUILDING_KEY GROUP BY fb.FCLT_BUILDING_KEY, fb.BUILDING_NAME;","For each building key, what is the building name and the number of courses offered by the Center for International Studies?","For each building, what is the count of distinct courses offered by the Center for International Studies that meet in rooms in that building?","For each building, what is the count of distinct courses offered by the Center for International Studies that meet in rooms in that building?",True,"For each building key, what is the building name and the number of **distinct** courses offered by the Center for International Studies?",False,"For each building, what is the count of distinct courses offered by the Center for International Studies that meet in rooms in that building?",True,"For each building, how many different Center for International Studies courses are held there?",False,"For each building key, what is the building name and the number of different courses offered by the Center for International Studies that meet in rooms in that building?",False,"For each building key, what is the building name and the number of **different** courses offered by the Center for International Studies?",False
9,"SELECT DISTINCT building_name, num_students FROM (SELECT fclt_building_key, COUNT(DISTINCT full_name) AS num_students FROM fclt_rooms JOIN mit_student_directory ON office_location = BUILDING_ROOM GROUP BY fclt_building_key) AS a JOIN fclt_building ON a.fclt_building_key = fclt_building.fclt_building_key JOIN (SELECT MAX(num_students) AS max_num_students FROM (SELECT fclt_building_key, COUNT(DISTINCT full_name) AS num_students FROM fclt_rooms JOIN mit_student_directory ON office_location = BUILDING_ROOM GROUP BY fclt_building_key) AS subquery1) AS b ON a.num_students = b.max_num_students;","What is the name of the building that accomodates the most students, and how many students does it accomodate?","Which name of the building has the highest number of distinct students whose office location matches a room in that building, and what is that maximum student count?","Which name of the building has the highest number of distinct students whose office location matches a room in that building, and what is that maximum student count?",True,"What is the name of the building that accomodates the most students, and how many students does it accomodate?",True,"Which name of the building has the highest number of distinct students whose office location matches a room in that building, and what is that maximum student count?",True,"Which building has the most students with offices located in its rooms, and how many students is that?",False,"What is the name of the building that has the most students with offices in rooms in that building, and how many students is that?",False,"What is the name of the building that accomodates the most students who have an office location in a room there, and how many distinct students does it accomodate?",False
10,"SELECT DISTINCT B.BUILDING_NAME, A.FLOOR FROM FAC_FLOOR A JOIN FAC_BUILDING B ON A.BUILDING_KEY = B.FAC_BUILDING_KEY JOIN (SELECT MAX(f) AS highest_floor FROM (SELECT CASE WHEN FLOOR REGEXP '^[0-9]+$' THEN CAST(FLOOR AS UNSIGNED) ELSE NULL END AS f FROM FAC_FLOOR) AS subquery1) AS subquery2 ON (CASE WHEN A.FLOOR REGEXP '^[0-9]+$' THEN CAST(A.FLOOR AS UNSIGNED) ELSE NULL END) = subquery2.highest_floor;",List the name and floor of the building with the largest floor number.,"Which building name and floor correspond to the highest floor number across all floors, considering only floors that are purely numeric (ignoring any non-numeric floor labels), and returning distinct results?","Which building name and floor correspond to the highest floor number across all floors, considering only floors that are purely numeric (ignoring any non-numeric floor labels), and returning distinct results?",True,"List the name and floor of the building with the largest floor number, considering only floors where the floor value consists entirely of digits (numeric-only), treating non-numeric floors as NULL/ignored, and return distinct results.",False,"Which building name and floor correspond to the highest floor number across all floors, considering only floors that are purely numeric (ignoring any non-numeric floor labels), and returning distinct results?",True,"Which building has the highest numbered floor, and what is that floor number? (Ignore floors labeled with things like “B” or “Mezzanine”.)",False,"List the name and floor of the building with the largest floor number, counting only floors that are just numbers (ignore any floors with non-numeric labels).",False,"List the name and floor of the building with the largest floor number, considering only floors that are made up of digits only (ignore any non-numeric floor values), and don’t repeat duplicate name-and-floor results.",False
11,"SELECT isc.IAP_CATEGORY_NAME, td.ACADEMIC_YEAR, SUM(isd.FEE) AS Total_Fee, COUNT(distinct isd.ACTIVITY_TITLE) AS Total_Subjects, MIN(isd.MAX_ENROLLMENT) AS Min_Attendance, MAX(isd.MAX_ENROLLMENT) AS Max_Attendance FROM IAP_SUBJECT_DETAIL isd JOIN IAP_SUBJECT_CATEGORY isc ON isd.IAP_SUBJECT_CATEGORY_KEY = isc.IAP_SUBJECT_CATEGORY_KEY JOIN TIME_DAY td ON isd.TERM_CODE = td.ACADEMIC_TERM_CODE GROUP BY isc.IAP_CATEGORY_NAME, td.ACADEMIC_YEAR;","For each IAP category and academic year, list the category name, academic year, total fee collected, total number of IAP subjects, and the minimum and maximum enrollment.","For each category name and academic year, what is the total fee collected (sum of fee collected), the number of distinct IAP subjects offered, and the minimum and maximum enrollment?","For each category name and academic year, what is the total fee collected (sum of fee collected), the number of distinct IAP subjects offered, and the minimum and maximum enrollment?",True,"For each IAP category and academic year, list the category name, academic year, total fee collected, total number of IAP subjects, and the minimum and maximum enrollment.",True,"For each category name and academic year, what is the total fee collected (sum of fee collected), the number of distinct IAP subjects offered, and the minimum and maximum enrollment?",True,"Can you show me, by subject category and academic year, the total fees collected, how many IAP subjects were offered, and the lowest and highest enrollment numbers?",False,"For each IAP category and academic year, list the category name, academic year, total fee collected, the number of different IAP subjects offered, and the minimum and maximum enrollment.",False,,True
12,"SELECT issr.SPONSOR_NAME, COUNT(DISTINCT iss.IAP_SUBJECT_SESSION_KEY) AS Total_Sessions, SUM(isd.MAX_ENROLLMENT), MIN(isd.FEE) AS Min_Fee, MAX(isd.FEE) AS Max_Fee, SUM(CASE WHEN iss.HAS_SESSION_INFO = 'Y' THEN 1 ELSE 0 END) AS Num_Sessions_With_Info, SUM(CASE WHEN iss.HAS_SESSION_INFO = 'N' THEN 1 ELSE 0 END) AS Num_Sessions_Without_Info FROM IAP_SUBJECT_SESSION iss JOIN IAP_SUBJECT_DETAIL isd ON iss.IAP_SUBJECT_SESSION_KEY = isd.IAP_SUBJECT_SESSION_KEY JOIN IAP_SUBJECT_SPONSOR issr ON isd.IAP_SUBJECT_SPONSOR_KEY = issr.IAP_SUBJECT_SPONSOR_KEY GROUP BY issr.SPONSOR_NAME;","For each sponsor of the independent activity periods, list the sponsor name, number of sessions held, the total number of enrollment, the minimum and maximum fee, the number of sessions with info, and the number of sessions without info.","For each sponsor name, how many distinct sessions are there, what is the total enrollment across those sessions, what are the minimum and maximum fee values, and how many sessions have info versus do not have info?","For each sponsor name, how many distinct sessions are there, what is the total enrollment across those sessions, what are the minimum and maximum fee values, and how many sessions have info versus do not have info?",True,"For each sponsor of the independent activity periods, list the sponsor name, number of sessions held, the total number of enrollment, the minimum and maximum fee, the number of sessions with info, and the number of sessions without info.",True,"For each sponsor name, how many distinct sessions are there, what is the total enrollment across those sessions, what are the minimum and maximum fee values, and how many sessions have info versus do not have info?",True,"Can you give me a summary by sponsor showing how many sessions they have, the total enrollment, the lowest and highest fees, and how many sessions include session info versus don’t?",False,"For each sponsor of the independent activity periods, list the sponsor name, the number of distinct sessions held, the total enrollment across those sessions, the minimum and maximum fee, the number of sessions with info, and the number of sessions without info.",False,,True
13,"SELECT isp.PERSON_EMAIL, isp.PERSON_NAME, td.ACADEMIC_YEAR, COUNT(distinct isd.ACTIVITY_TITLE) AS Total_Subjects, MIN(isd.FEE) AS Min_Fee, MAX(isd.FEE) AS Max_Fee, SUM(isd.MAX_ENROLLMENT) FROM IAP_SUBJECT_PERSON isp JOIN IAP_SUBJECT_DETAIL isd ON isp.IAP_SUBJECT_PERSON_KEY = isd.IAP_SUBJECT_PERSON_KEY JOIN TIME_DAY td ON isd.TERM_CODE = td.ACADEMIC_TERM_CODE GROUP BY isp.PERSON_EMAIL, isp.PERSON_NAME, td.ACADEMIC_YEAR;","What are the individual's email and name, academic year, total number of IAP subjects, the minimum and maximum fees, and the total course enrollment for each individual and academic year?","For each person (by email and name) and for each academic year, how many distinct IAP subjects do they have, what are the minimum and maximum fees among those subjects, and what is the total course enrollment (sum of maximum enrollment) across those subjects?","For each person (by email and name) and for each academic year, how many distinct IAP subjects do they have, what are the minimum and maximum fees among those subjects, and what is the total course enrollment (sum of maximum enrollment) across those subjects?",True,"What are the individual's email and name, academic year, total number of IAP subjects, the minimum and maximum fees, and the total course enrollment for each individual and academic year?",True,"For each person (by email and name) and for each academic year, how many distinct IAP subjects do they have, what are the minimum and maximum fees among those subjects, and what is the total course enrollment (sum of maximum enrollment) across those subjects?",True,"For each person and academic year, can you show how many IAP subjects they’re associated with, the lowest and highest fee for those subjects, and the total enrollment capacity across them?",False,"For each individual (by email and name) and academic year, what are the total number of different IAP subjects they have, the minimum and maximum fees among those subjects, and the total course enrollment across those subjects?",False,,True
14,"SELECT isd.TERM_CODE, ata.TERM_DESCRIPTION, COUNT(distinct iss.IAP_SUBJECT_SESSION_KEY) AS Total_Sessions, SUM(isd.FEE) AS Total_Fee, MIN(isd.MAX_ENROLLMENT) AS Min_Enrollment, MAX(isd.MAX_ENROLLMENT) AS Max_Enrollment FROM IAP_SUBJECT_SESSION iss JOIN IAP_SUBJECT_DETAIL isd ON iss.IAP_SUBJECT_SESSION_KEY = isd.IAP_SUBJECT_SESSION_KEY JOIN ACADEMIC_TERMS_ALL ata ON isd.TERM_CODE = ata.TERM_CODE GROUP BY isd.TERM_CODE, ata.TERM_DESCRIPTION;","What is the term code, term description, total number of IAP sessions, total fee collected, and minimum and maximum enrollment for each term code?","For each academic term (by term code and term description), how many distinct IAP sessions are there, what is the total fee across those sessions, and what are the minimum and maximum enrollment values?","For each academic term (by term code and term description), how many distinct IAP sessions are there, what is the total fee across those sessions, and what are the minimum and maximum enrollment values?",True,"What is the term code, term description, total number of **distinct** IAP sessions, total fee collected **(sum of fee)**, and minimum and maximum enrollment **(min and max of enrollment)** for each term code **and term description**?",False,"For each academic term (by term code and term description), how many distinct IAP sessions are there, what is the total fee across those sessions, and what are the minimum and maximum enrollment values?",True,"Can you show me, for each academic term, how many IAP sessions we have, the total fees for those sessions, and the lowest and highest enrollment limits?",False,"What is the term code, term description, total number of IAP sessions, total fee collected, and minimum and maximum enrollment for each term code?",True,,True
15,"SELECT b.BUILDING_NAME, COUNT(DISTINCT isd.ACTIVITY_TITLE) AS Total_Subjects, SUM(isd.FEE) AS Total_Fee, MIN(TIMESTAMPDIFF(MINUTE, STR_TO_DATE(iss.SESSION_START_TIME, '%h%i%p'), CASE WHEN STR_TO_DATE(iss.SESSION_START_TIME, '%h%i%p') > STR_TO_DATE(iss.SESSION_END_TIME, '%h%i%p') THEN STR_TO_DATE('1200PM', '%h%i%p') ELSE STR_TO_DATE(iss.SESSION_END_TIME, '%h%i%p') END)) AS Min_Sessions, MAX(TIMESTAMPDIFF(MINUTE, STR_TO_DATE(iss.SESSION_START_TIME, '%h%i%p'), CASE WHEN STR_TO_DATE(iss.SESSION_START_TIME, '%h%i%p') > STR_TO_DATE(iss.SESSION_END_TIME, '%h%i%p') THEN STR_TO_DATE('1200PM', '%h%i%p') ELSE STR_TO_DATE(iss.SESSION_END_TIME, '%h%i%p') END)) AS Max_Sessions FROM IAP_SUBJECT_SESSION iss JOIN IAP_SUBJECT_DETAIL isd ON iss.IAP_SUBJECT_SESSION_KEY = isd.IAP_SUBJECT_SESSION_KEY JOIN BUILDINGS b ON b.BUILDING_NUMBER = iss.SESSION_LOCATION GROUP BY b.BUILDING_NAME;","What is the name of the building, total number of subjects, total fee, and shortest and longest sessions for each physical IAP session location?","For each name of the building, what are (1) the number of distinct subjects held there, (2) the total fee summed across those subjects, and (3) the minimum and maximum session length in minutes calculated from sessions’ start and end times (treating any session whose end time is earlier than its start time as ending at 12:00 PM), grouped by building name?","For each name of the building, what are (1) the number of distinct subjects held there, (2) the total fee summed across those subjects, and (3) the minimum and maximum session length in minutes calculated from sessions’ start and end times (treating any session whose end time is earlier than its start time as ending at 12:00 PM), grouped by building name?",True,"What is the name of the building, total number of **distinct** subjects, total fee, and shortest and longest sessions **(in minutes, computed as the time difference between session start and session end times parsed with the format `%h%i%p`, but if the parsed start time is later than the parsed end time then use `1200PM` as the end time instead)** for each physical IAP session location?",False,"For each name of the building, what are (1) the number of distinct subjects held there, (2) the total fee summed across those subjects, and (3) the minimum and maximum session length in minutes calculated from sessions’ start and end times (treating any session whose end time is earlier than its start time as ending at 12:00 PM), grouped by building name?",True,"For each building, how many different subjects are held there, what’s the total fee for those subjects, and what are the shortest and longest session durations?",False,"What is the name of the building, total number of subjects held there, total fee, and the shortest and longest session length (in minutes) for each physical IAP session location, treating any session that looks like it ends before it starts as ending at 12:00 PM?",False,"What is the name of the building, total number of different subjects, total fee, and shortest and longest session lengths in minutes (treating any session that ends earlier than it starts as ending at 12:00 PM) for each physical IAP session location?",False
16,"SELECT COUNT(DISTINCT isd.ACTIVITY_TITLE) AS Total_Subjects, SUM(isd.FEE) AS Total_Fee, MIN(TIMESTAMPDIFF(MINUTE, STR_TO_DATE(iss.SESSION_START_TIME, '%h%i%p'), CASE WHEN STR_TO_DATE(iss.SESSION_START_TIME, '%h%i%p') > STR_TO_DATE(iss.SESSION_END_TIME, '%h%i%p') THEN STR_TO_DATE('1200PM', '%h%i%p') ELSE STR_TO_DATE(iss.SESSION_END_TIME, '%h%i%p') END)) AS Min_Sessions, MAX(TIMESTAMPDIFF(MINUTE, STR_TO_DATE(iss.SESSION_START_TIME, '%h%i%p'), CASE WHEN STR_TO_DATE(iss.SESSION_START_TIME, '%h%i%p') > STR_TO_DATE(iss.SESSION_END_TIME, '%h%i%p') THEN STR_TO_DATE('1200PM', '%h%i%p') ELSE STR_TO_DATE(iss.SESSION_END_TIME, '%h%i%p') END)) AS Max_Sessions FROM IAP_SUBJECT_SESSION iss JOIN IAP_SUBJECT_DETAIL isd ON iss.IAP_SUBJECT_SESSION_KEY = isd.IAP_SUBJECT_SESSION_KEY JOIN BUILDINGS b ON b.BUILDING_NUMBER != iss.SESSION_LOCATION;","What is total number of subjects, the total fee, and the shortest and longest sessions, for all virtual IAP sessions?","Across all subject sessions where the session’s location does **not** match a building number, what are: (1) the total number of distinct subjects, (2) the total fee summed across those subjects, and (3) the minimum and maximum session duration in minutes (computed as end time minus start time, but if the start time is later than the end time, treat the end time as 12:00 PM)?","Across all subject sessions where the session’s location does **not** match a building number, what are: (1) the total number of distinct subjects, (2) the total fee summed across those subjects, and (3) the minimum and maximum session duration in minutes (computed as end time minus start time, but if the start time is later than the end time, treat the end time as 12:00 PM)?",True,"What is total number of subjects **(counting distinct subjects by activity title)**, the total fee **(sum of fee)**, and the shortest and longest sessions **(minimum and maximum session duration in minutes computed from session start time to session end time, but if the start time is later than the end time then use 12:00PM as the end time)**, for all virtual IAP sessions **defined as sessions whose session location does not match any building number (i.e., BUILDINGS.BUILDING_NUMBER != IAP_SUBJECT_SESSION.SESSION_LOCATION)**?",False,"Across all subject sessions, join each session to its subject details, and also compare each session to the list of buildings by pairing it with every building whose building number is different from the session’s location; for these resulting rows, what are: (1) the total number of distinct subjects, (2) the total fee summed across those rows, and (3) the minimum and maximum session duration in minutes (computed as end time minus start time, but if the start time is later than the end time, treat the end time as 12:00 PM)?",False,"Can you show me how many unique subjects we have, the total fees collected, and the shortest and longest session lengths for sessions where the listed location doesn’t match any building number in our buildings list?",False,"What is the total number of subjects, the total fee, and the shortest and longest session lengths (in minutes) for all virtual IAP sessions where the session location doesn’t match any building number?",False,"What is total number of **distinct** subjects, the total fee, and the shortest and longest sessions, for all virtual IAP sessions **where the session location is different from the building number**?",False
17,"SELECT ssc.SCHOOL_CODE, ssc.SCHOOL_NAME, sd.DEPARTMENT_FULL_NAME, scd.COURSE_LEVEL, COUNT(DISTINCT scd.COURSE) AS Total_Courses, SUM(CASE WHEN scd.IS_DEGREE_GRANTING = 'Y' THEN 1 ELSE 0 END) AS Total_Degree_Granting_Courses FROM SIS_COURSE_DESCRIPTION scd JOIN SIS_DEPARTMENT sd ON scd.DEPARTMENT = sd.DEPARTMENT_CODE JOIN SIS_SUBJECT_CODE ssc ON scd.COURSE = ssc.SUBJECT_CODE GROUP BY ssc.SCHOOL_CODE, ssc.SCHOOL_NAME, scd.DEPARTMENT, sd.DEPARTMENT_FULL_NAME, scd.COURSE_LEVEL;","What is the school code, school name, full name of the department, course level, total number of courses, and total number of degree-granting courses for each school code, department, and course level?","For each combination of school code, school name, full name of the department, and course level, how many distinct courses are offered, and how many of those courses are degree-granting (where degree-granting is marked “Y”)?","For each combination of school code, school name, full name of the department, and course level, how many distinct courses are offered, and how many of those courses are degree-granting (where degree-granting is marked “Y”)?",True,"What is the school code, school name, full name of the department, course level, total number of **distinct** courses, and total number of degree-granting courses (**where degree-granting courses are those with degree-granting = 'Y'**) for each school code, department, and course level?",False,"For each combination of school code, school name, full name of the department, and course level, how many distinct courses are offered, and how many of those courses are degree-granting (where degree-granting is marked “Y”)?",True,"Can you show me, for each school and department, how many courses are offered at each course level, and how many of those are degree-granting?",False,"What is the school code, school name, full name of the department, course level, total number of distinct courses, and total number of degree-granting courses (marked “Y”) for each school code, department, and course level?",False,"What is the school code, school name, full name of the department, course level, total number of **distinct** courses, and total number of degree-granting courses for each school code, department, and course level?",False
18,"SELECT ssc.SCHOOL_CODE, ssc.SCHOOL_NAME, sd.DEPARTMENT_CODE, sad.SIS_ADMIN_DEPARTMENT_NAME, COUNT(DISTINCT sad.DEPARTMENT_PHONE_NUMBER) AS Total_Phone_Numbers, CASE WHEN SUM(CASE WHEN scd.COURSE_LEVEL = 'U' THEN 1 ELSE 0 END) >= SUM(CASE WHEN scd.COURSE_LEVEL = 'G' THEN 1 ELSE 0 END) THEN 'U' ELSE 'G' END AS Most_Common_Course_Level FROM SIS_ADMIN_DEPARTMENT sad JOIN SIS_DEPARTMENT sd ON sad.SIS_ADMIN_DEPARTMENT_CODE = sd.DEPARTMENT_CODE JOIN SIS_COURSE_DESCRIPTION scd ON sd.DEPARTMENT_CODE = scd.DEPARTMENT JOIN SIS_SUBJECT_CODE ssc ON scd.COURSE = ssc.SUBJECT_CODE GROUP BY ssc.SCHOOL_CODE, ssc.SCHOOL_NAME, sd.DEPARTMENT_CODE, sad.SIS_ADMIN_DEPARTMENT_NAME;","What are the different schools and departments that offer SIS courses? List their school code, school name, department code, department name, the total number of phone numbers, and the most common course level.","For each combination of school code and school name and department code and department name, how many distinct phone numbers does the department have, and is the most common course level among that department’s courses undergraduate (“U”) or graduate (“G”) (choosing “U” in case of a tie)?","For each combination of school code and school name and department code and department name, how many distinct phone numbers does the department have, and is the most common course level among that department’s courses undergraduate (“U”) or graduate (“G”) (choosing “U” in case of a tie)?",True,"What are the different schools and departments that offer SIS courses? List their school code, school name, department code, department name, the total number of **distinct** phone numbers, and the most common course level **between 'U' and 'G' (choose 'U' if the count of 'U' courses is greater than or equal to the count of 'G' courses; otherwise choose 'G')**, **grouped by school code, school name, department code, and department name**.",False,"For each combination of school code and school name and department code and department name, how many distinct phone numbers does the department have, and is the most common course level among that department’s courses undergraduate (“U”) or graduate (“G”) (choosing “U” in case of a tie)?",True,"For each school and department, how many different phone numbers are listed for the department, and are most of its courses undergraduate or graduate?",False,"What are the different schools and departments that offer SIS courses? List their school code, school name, department code, department name, the total number of distinct phone numbers for the department, and whether the most common course level is undergraduate (“U”) or graduate (“G”) (use “U” if it’s tied).",False,"What are the different schools and departments that offer SIS courses? List their school code, school name, department code, department name, the total number of **distinct** phone numbers, and whether **undergraduate or graduate** is the most common course level (pick undergraduate if it’s tied).",False
19,"SELECT ssc.SCHOOL_CODE, ssc.SCHOOL_NAME, sd.DLC_KEY, GRADUATE_LEVEL, COUNT(DISTINCT ssc.SUBJECT_CODE) AS Total_Subjects, MIN(ssc.COURSE_NUMBER) AS Min_Course_Number, MAX(ssc.COURSE_NUMBER) AS Max_Course_Number, COUNT(DISTINCT sd.DEPARTMENT_CODE) AS Total_Departments FROM SIS_SUBJECT_CODE ssc JOIN SIS_COURSE_DESCRIPTION scd ON ssc.SUBJECT_CODE = scd.COURSE JOIN SIS_DEPARTMENT sd ON scd.DEPARTMENT = sd.DEPARTMENT_CODE GROUP BY ssc.SCHOOL_CODE, ssc.SCHOOL_NAME, sd.DLC_KEY,GRADUATE_LEVEL;","What is the school code, school name, DLC key, the graduate level, total number of SIS subjects, the minimum and maximum course numbers, and the total number of departments offering subjects for each school?","For each combination of school code, school name, DLC key, and graduate level, how many distinct SIS subjects are there, what are the minimum and maximum course numbers among those subjects, and how many distinct departments are represented?","For each combination of school code, school name, DLC key, and graduate level, how many distinct SIS subjects are there, what are the minimum and maximum course numbers among those subjects, and how many distinct departments are represented?",True,"What is the school code, school name, DLC key, the graduate level, total number of **distinct** SIS subjects, the minimum and maximum course numbers, and the total number of **distinct** departments offering subjects for each school, **grouped by school code, school name, DLC key, and graduate level**?",False,"For each combination of school code, school name, DLC key, and graduate level, how many distinct SIS subjects are there, what are the minimum and maximum course numbers among those subjects, and how many distinct departments are represented?",True,"Can you show me, by school and graduate level (and DLC), how many subjects we offer, the lowest and highest course numbers, and how many departments those subjects span?",False,"For each combination of school code, school name, DLC key, and graduate level, what is the total number of SIS subjects, the minimum and maximum course numbers, and the total number of departments offering subjects?",False,"What is the school code, school name, DLC key, the graduate level, total number of SIS subjects, the minimum and maximum course numbers, and the total number of departments offering subjects for each school, for each combination of school code, school name, DLC key, and graduate level?",False
20,"SELECT sd.BUILDING_COMPONENT, b.BUILDING_NAME, sd.Total_Square_Footage, COUNT(DISTINCT SF.FLOOR) AS Total_Number_Of_Floors, COUNT(DISTINCT sd.BUILDING_ROOM) AS Total_Rooms, COUNT(DISTINCT su.FCLT_ORGANIZATION_KEY) as Total_Number_FCLT, COUNT(DISTINCT ssu.MIT_ID) AS Total_Supervisors, SUM(ssu.NUM_OF_SUPERVISEES) AS Total_Supervisees FROM (SELECT SPACE_DETAIL.*, SUM(ROOM_SQUARE_FOOTAGE) OVER (PARTITION BY BUILDING_COMPONENT) AS Total_Square_Footage FROM SPACE_DETAIL) sd JOIN BUILDINGS b ON b.BUILDING_KEY = sd.BUILDING_KEY JOIN SPACE_FLOOR sf ON sd.FLOOR_KEY = sf.FLOOR_KEY JOIN SPACE_UNIT su ON sd.SPACE_UNIT_KEY = su.SPACE_UNIT_KEY JOIN SPACE_SUPERVISOR_USAGE ssu ON su.DLC_KEY = ssu.DEPT_NAMES GROUP BY sd.BUILDING_COMPONENT, b.BUILDING_NAME, sd.Total_Square_Footage;","What is the building component, name of the building, square footage for all rooms, total number of floors, total number of rooms, total number of facility organizations, total number of supervisors, and total number of supervisees for each building component?","For each building component and name of the building, what is the total square footage (summed across all rooms in that building component), the total number of distinct floors, the total number of distinct rooms, the total number of distinct facility organizations, the total number of distinct supervisors, and the total number of supervisees (summed), considering only records where the facility organization’s department matches the supervisor usage department?","For each building component and the name of the building, what is the total square footage summed across all rooms within that building component (the same total repeated for every building name within the component), the total number of distinct floors, the total number of distinct rooms, the total number of distinct facility organizations, the total number of distinct supervisors, and the total number of supervisees summed, including only rows where the facility organization’s department matches the supervisor usage department?",False,"What is the building component, name of the building, **total square footage (sum of square footage for all rooms) computed as a window sum over (partition by building component)**, total number of floors **(count of distinct floors)**, total number of rooms **(count of distinct rooms)**, total number of facility organizations **(count of distinct facility organizations)**, total number of supervisors **(count of distinct supervisors)**, and total number of supervisees **(sum of supervisees)** for each building component, **grouped by building component and name of the building**?",False,"For each building component and the name of the building, what is the total square footage summed across all rooms within that building component (the same total repeated for every building name that appears under that component), the total number of distinct floors, the total number of distinct rooms, the total number of distinct facility organizations, the total number of distinct supervisors, and the total number of supervisees summed, including only rows where the facility organization’s department matches the supervisor usage department?",False,"Can you show a summary for each building and building component with the total square footage, number of floors, number of rooms, how many facility organizations use it, and the total number of supervisors and supervisees (matching supervisors to the same department as the facility organization)?",False,"What is the building component, name of the building, square footage for all rooms, total number of floors, total number of rooms, total number of facility organizations, total number of supervisors, and total number of supervisees for each building component, only counting cases where the facility organization’s department matches the supervisor usage department?",False,"What is the building component, name of the building, square footage for all rooms (adding up the square footage of all rooms within each building component), total number of floors, total number of rooms, total number of facility organizations, total number of supervisors, and total number of supervisees for each building component?",False
21,"SELECT su.DLC_KEY, fo.DLC_NAME, COUNT(DISTINCT sf.FLOOR) AS Total_Number_Of_Floors, sd.Total_Square_Footage, COUNT(DISTINCT su.FCLT_ORGANIZATION_KEY) AS Total_Number_Facility, COUNT(DISTINCT ssu.MIT_ID) AS Total_Supervisors, SUM(ssu.NUM_OF_SUPERVISEES) AS Total_Supervisees, SUM(fb.BUILDING_HEIGHT) AS Cumulative_Building_Height FROM (SELECT SPACE_DETAIL.*, SUM(ROOM_SQUARE_FOOTAGE) OVER (PARTITION BY BUILDING_COMPONENT) AS Total_Square_Footage FROM SPACE_DETAIL) sd JOIN FCLT_BUILDING fb ON fb.FCLT_BUILDING_KEY = sd.BUILDING_KEY JOIN SPACE_FLOOR sf ON sd.FLOOR_KEY = sf.FLOOR_KEY JOIN SPACE_UNIT su ON sd.SPACE_UNIT_KEY = su.SPACE_UNIT_KEY JOIN SPACE_SUPERVISOR_USAGE ssu ON su.DLC_KEY = ssu.DEPT_NAMES JOIN (SELECT DISTINCT DLC_KEY, DLC_NAME FROM FCLT_ORGANIZATION) fo ON fo.DLC_KEY = su.DLC_KEY GROUP BY su.DLC_KEY, fo.DLC_NAME, sd.Total_Square_Footage;","What is the DLC key, name of the DLC, total number of floors, total square footage, total number of facility organizations, total number of supervisors, total number of supervisees, and total building heights for each DLC?","For each DLC (show the DLC key and the name of the DLC), what are the total number of distinct floors, the total square footage (summed across all rooms within each building component), the total number of distinct facility organizations, the total number of distinct supervisors, the total number of supervisees, and the cumulative building height, considering only records where the DLC key matches the department name in the supervisor usage data?","For each DLC (show the DLC key and the name of the DLC), what are the total number of distinct floors, the total square footage (summed across all rooms within each building component), the total number of distinct facility organizations, the total number of distinct supervisors, the total number of supervisees, and the cumulative building height, considering only records where the DLC key matches the department name in the supervisor usage data?",True,"What is the DLC key, name of the DLC, total number of floors (COUNT DISTINCT floors), total square footage (the SUM of square footage OVER (PARTITION BY building component)), total number of facility organizations (COUNT DISTINCT facility organizations), total number of supervisors (COUNT DISTINCT supervisors), total number of supervisees (SUM of supervisees), and total building heights (SUM of building heights) for each DLC, grouped by DLC key, name of the DLC, and that total square footage, joining building heights via SPACE_DETAIL.BUILDING_KEY = FCLT_BUILDING.FCLT_BUILDING_KEY, floors via SPACE_DETAIL.FLOOR_KEY = SPACE_FLOOR.FLOOR_KEY, space units via SPACE_DETAIL.SPACE_UNIT_KEY = SPACE_UNIT.SPACE_UNIT_KEY, supervisors via SPACE_UNIT.DLC_KEY = SPACE_SUPERVISOR_USAGE.DEPT_NAMES, and DLC names via FCLT_ORGANIZATION.DLC_KEY = SPACE_UNIT.DLC_KEY (using DISTINCT DLC_KEY and DLC_NAME from FCLT_ORGANIZATION)?",False,"For each DLC (show the DLC key and the name of the DLC), what are the total number of distinct floors, the total square footage (summed across all rooms within each building component), the total number of distinct facility organizations, the total number of distinct supervisors, the total number of supervisees, and the cumulative building height, considering only records where the DLC key matches the department name in the supervisor usage data?",True,"For each DLC, can you show the DLC name and key along with the total number of floors, total square footage, number of facilities, number of supervisors, total supervisees, and the combined building height?",False,"What is the DLC key, name of the DLC, total number of floors, total square footage, total number of facility organizations, total number of supervisors, total number of supervisees, and total building heights for each DLC, only counting cases where the DLC key matches the department name in the supervisor usage data?",False,"What is the DLC key, name of the DLC, total number of floors, total square footage (where the square footage is the sum of room square footage within each building component), total number of facility organizations, total number of supervisors, total number of supervisees, and total building heights for each DLC?",False
22,"SELECT tso.OFFER_DEPT_NAME, COUNT(distinct tso.SUBJECT_ID) AS Total_Subjects, SUM(tso.NUM_ENROLLED_STUDENTS) AS Total_Enrolled_Students, MIN(tm.RENTAL_NEW_PRICE) AS Min_Rental_New_Price, MAX(tm.RENTAL_NEW_PRICE) AS Max_Rental_New_Price FROM TIP_SUBJECT_OFFERED tso JOIN TIP_DETAIL td ON tso.TIP_SUBJECT_OFFERED_KEY = td.TIP_SUBJECT_OFFERED_KEY JOIN TIP_MATERIAL tm ON td.TIP_MATERIAL_KEY = tm.TIP_MATERIAL_KEY GROUP BY tso.OFFER_DEPT_NAME;","What is the department name, total number of types of TIP subjects, total number of enrolled students, the minimum and maximum rental new price for each department?","For each department name, how many distinct TIP subjects are offered, what is the total number of enrolled students across those subjects, and what are the minimum and maximum rental new prices of the associated materials?","For each department name, how many distinct TIP subjects are offered, what is the total number of enrolled students across those subjects, and what are the minimum and maximum rental new prices of the associated materials?",True,"What is the department name, total number of types of TIP subjects, total number of enrolled students, the minimum and maximum rental new price for each department?",True,"For each department name, how many distinct TIP subjects are offered, what is the total number of enrolled students across those subjects, and what are the minimum and maximum rental new prices of the associated materials?",True,"Can you show me, by department, how many subjects are offered, the total number of students enrolled, and the lowest and highest rental new prices for the course materials?",False,"For each department, what is the department name, the total number of different TIP subjects offered, the total number of enrolled students across those subjects, and the minimum and maximum rental new price of the materials for those subjects?",False,,True
23,"SELECT CC.ACADEMIC_YEAR, CC.TERM_CODE, SO.HGN_CODE, COUNT(DISTINCT CC.SUBJECT_ID) AS TOTAL_COURSES, AVG(CC.TOTAL_UNITS) AS AVERAGE_UNITS, CC.DEPARTMENT_NAME, ED.FULL_NAME AS RESPONSIBLE_FACULTY_NAME, ED.EMAIL_ADDRESS AS RESPONSIBLE_FACULTY_EMAIL FROM COURSE_CATALOG_SUBJECT_OFFERED CC JOIN SUBJECT_OFFERED SO ON CC.SUBJECT_ID = SO.SUBJECT_ID JOIN ACADEMIC_TERMS AT ON CC.TERM_CODE = AT.TERM_CODE JOIN EMPLOYEE_DIRECTORY ED ON SO.RESPONSIBLE_FACULTY_MIT_ID = ED.MIT_ID WHERE AT.IS_CURRENT_TERM = 'Y' GROUP BY CC.ACADEMIC_YEAR, CC.TERM_CODE, SO.HGN_CODE, CC.DEPARTMENT_NAME, ED.FULL_NAME, ED.EMAIL_ADDRESS;","What are the details of courses offered in the current academic term, including the academic year, term code, hgn code, the total number of types of courses, the average number of units, the department name, the name and email address of the person in charge?","For the current academic term only, for each combination of academic year, term code, hgn code, department name, and responsible faculty member (name and email address), how many distinct courses are offered and what is the average number of units?","For the current academic term only, for each combination of academic year, term code, hgn code, department name, and responsible faculty member (name and email address), how many distinct courses are offered and what is the average number of units?",True,"What are the details of courses offered in the current academic term, including the academic year, term code, hgn code, the total number of types of courses, the average number of units, the department name, the name and email address of the person in charge?",True,"For the current academic term only, for each combination of academic year, term code, hgn code, department name, and responsible faculty member (name and email address), how many distinct courses are offered and what is the average number of units?",True,"For the current term, can you show me by department and responsible faculty (name and email) how many courses are being offered and the average number of units, broken out by academic year, term, and HGN code?",False,"For the current academic term only, what are the details of courses offered, including the academic year, term code, hgn code, department name, the name and email address of the person in charge, plus how many different courses are offered and the average number of units for each of those combinations?",False,,True
24,"SELECT isd.ACTIVITY_TITLE, isc.IAP_CATEGORY_NAME, iss.SESSION_TITLE, iss.SESSION_START_TIME, iss.SESSION_END_TIME, isp.SPONSOR_NAME, COUNT(distinct iss.IAP_SUBJECT_SESSION_KEY) AS Total_Sessions FROM IAP_SUBJECT_DETAIL isd JOIN IAP_SUBJECT_CATEGORY isc ON isd.IAP_SUBJECT_CATEGORY_KEY = isc.IAP_SUBJECT_CATEGORY_KEY JOIN IAP_SUBJECT_SESSION iss ON isd.IAP_SUBJECT_SESSION_KEY = iss.IAP_SUBJECT_SESSION_KEY JOIN IAP_SUBJECT_SPONSOR isp ON isd.IAP_SUBJECT_SPONSOR_KEY = isp.IAP_SUBJECT_SPONSOR_KEY GROUP BY isd.ACTIVITY_TITLE, isc.IAP_CATEGORY_NAME, iss.SESSION_TITLE, iss.SESSION_START_TIME, iss.SESSION_END_TIME, isp.SPONSOR_NAME;","Retrieve information about the IAP subjects, including their titles, categories, session titles, session start time, session end time, sponsor names, and total number of sessions.","For each combination of activity title, category, session title, session start time, session end time, and sponsor name, how many distinct sessions are there (as a total sessions count)?","For each combination of activity title, category, session title, session start time, session end time, and sponsor name, how many distinct sessions are there (as a total sessions count)?",True,"Retrieve information about the IAP subjects, including their titles, categories, session titles, session start time, session end time, sponsor names, and the total number of sessions **counted as COUNT(DISTINCT sessions) for each unique combination of title, category, session title, session start time, session end time, and sponsor name (i.e., grouped by title, category, session title, session start time, session end time, and sponsor name)**.",False,"For each combination of activity title, category, session title, session start time, session end time, and sponsor name, how many distinct sessions are there (as a total sessions count)?",True,"Can you show me a list of activities with their category, session details (title and start/end time), the sponsor, and how many sessions there are for each?",False,"Retrieve information about the IAP subjects, including their titles, categories, session titles, session start time, session end time, sponsor names, and the total number of sessions for each set of those details.",False,"Retrieve information about the IAP subjects, including their titles, categories, session titles, session start time, session end time, sponsor names, and for each unique combination of title, category, session title, session start time, session end time, and sponsor name, the total number of distinct sessions.",False
25,"SELECT sd.DEPARTMENT_NAME, sc.SUBJECT_CODE, sc.SUBJECT_CODE_DESC, scd.GRADUATE_LEVEL, Total_Courses.Total_Courses FROM SIS_DEPARTMENT sd JOIN SIS_COURSE_DESCRIPTION scd ON sd.DEPARTMENT_CODE = scd.DEPARTMENT JOIN SIS_SUBJECT_CODE sc ON scd.COURSE = sc.COURSE_NUMBER JOIN (SELECT sd.DEPARTMENT_NAME, COUNT(DISTINCT COURSE_NUMBER) AS Total_Courses FROM SIS_DEPARTMENT sd JOIN SIS_COURSE_DESCRIPTION scd ON sd.DEPARTMENT_CODE = scd.DEPARTMENT JOIN SIS_SUBJECT_CODE sc ON scd.COURSE = sc.COURSE_NUMBER GROUP BY DEPARTMENT_NAME) AS Total_Courses ON sd.DEPARTMENT_NAME = Total_Courses.DEPARTMENT_NAME;","Show the department names, the corresponding SIS subject code, subject code descriptions, graduate level, and the total number of courses per department.","For each department name, list the SIS subject code, the subject code description, and the graduate level for each course, and also show the total number of distinct courses offered by that department (counting unique course numbers).","For each department name, list the SIS subject code, the subject code description, and the graduate level for each course, and also show the total number of distinct courses offered by that department (counting unique course numbers).",True,"Show the department names, the corresponding SIS subject code, subject code descriptions, graduate level, and the total number of **distinct** courses per department (counting distinct **SIS_SUBJECT_CODE.COURSE_NUMBER**), with the total courses computed by grouping by **department name** and joined back on **department name**.",False,"For each department name, list the SIS subject code, the subject code description, and the graduate level for each course, and also show the total number of distinct courses offered by that department (counting unique course numbers).",True,"Can you show me, for each department, the subject codes and their descriptions along with whether the courses are graduate-level, and also include how many different courses that department offers in total?",False,"Show the department names, the corresponding SIS subject code, subject code descriptions, and graduate level for each course, along with the total number of distinct courses per department (counting unique course numbers).",False,"Show the department names, the corresponding SIS subject code, subject code descriptions, graduate level, and the total number of **distinct** courses per department.",False
26,"SELECT at.TERM_CODE, at.TERM_DESCRIPTION, at.IS_CURRENT_TERM2, COUNT(DISTINCT at.SUBJECT_ID) AS Total_SUBJECTS FROM (SELECT at.*, SUBJECT_ID, CASE WHEN at.ACADEMIC_YEAR = YEAR(CURDATE()) AND atp.IS_CURRENT_TERM = 'Y' THEN 'Y' ELSE 'N' END AS IS_CURRENT_TERM2 FROM (SELECT ACADEMIC_TERMS_ALL.*, CASE WHEN TERM_CODE LIKE '%FA' THEN 'Y' END AS A, CASE WHEN TERM_CODE LIKE '%JA' THEN 'Y' END AS B, CASE WHEN TERM_CODE LIKE '%SP' THEN 'Y' END AS C, CASE WHEN TERM_CODE LIKE '%SU' THEN 'Y' END AS D FROM ACADEMIC_TERMS_ALL) at LEFT OUTER JOIN ACADEMIC_TERM_PARAMETER atp ON at.TERM_CODE = atp.TERM_CODE LEFT OUTER JOIN CIS_COURSE_CATALOG ccc ON ccc.ACADEMIC_YEAR = at.ACADEMIC_YEAR AND (IS_OFFERED_FALL_TERM = at.A OR IS_OFFERED_IAP = at.B OR IS_OFFERED_SPRING_TERM = at.C OR IS_OFFERED_SUMMER_TERM = at.D)) at GROUP BY at.TERM_CODE, at.TERM_DESCRIPTION, at.IS_CURRENT_TERM2;","For each term, list the term code, the term description, whether the term is current or not, and the total number of types of CIS courses.","For each academic term, show the term code and term description, indicate whether it is the current term (defined as being in the current calendar year and marked as current), and count how many distinct CIS course subjects are offered in that term (based on whether each course is flagged as offered in that term’s season), grouped by term code/description/current-term indicator.","For each academic term, show the term code and term description, compute a current-term indicator that is **Yes only when the term’s academic year equals the current calendar year and the term is marked as current**, otherwise No, and count the **number of distinct CIS course subjects** offered in that term by matching courses from the **same academic year** and treating a course as offered in the term when its “offered in fall / IAP / spring / summer” flag corresponds to whether the term code ends with **FA / JA / SP / SU**; group the results by term code, term description, and the computed current-term indicator.",False,"For each term, list the term code, the term description, whether the term is current or not **(define “current” as: the term’s academic year equals the current calendar year and ACADEMIC_TERM_PARAMETER.IS_CURRENT_TERM = 'Y'; otherwise 'N')**, and the total number of types of CIS courses **(COUNT DISTINCT CIS_COURSE_CATALOG.SUBJECT_ID)**, **joining ACADEMIC_TERMS_ALL to ACADEMIC_TERM_PARAMETER on TERM_CODE, and joining CIS_COURSE_CATALOG to ACADEMIC_TERMS_ALL on ACADEMIC_YEAR and matching the term to the course offering flags as follows: TERM_CODE ending with 'FA' matches IS_OFFERED_FALL_TERM, ending with 'JA' matches IS_OFFERED_IAP, ending with 'SP' matches IS_OFFERED_SPRING_TERM, and ending with 'SU' matches IS_OFFERED_SUMMER_TERM (using OR across these matches)**.",False,"For each academic term, show the term code and term description, compute a current-term indicator that is **Y only when the term’s academic year equals the current calendar year and the term is marked as current (Y), otherwise N**, and count the **distinct CIS course subjects** offered in that term by matching courses from the **same academic year** and treating a course as offered in the term when the term code ends with **FA/JA/SP/SU** and the course is flagged as offered in **Fall/IAP/Spring/Summer** respectively; group the results by term code, term description, and the computed current-term indicator.",False,"Can you list each academic term with its code and description, whether it’s the current term, and how many different CIS course subjects are offered in that term?",False,"For each term, list the term code, the term description, whether the term is current or not (only count it as current if it’s in the current year and marked current), and the total number of different CIS course subjects offered in that term based on whether the term is fall, IAP, spring, or summer.",False,"For each term, list the term code, the term description, whether the term is current or not **(treat it as current only if it’s in the current calendar year and it’s marked as current)**, and the total number of **distinct** types of CIS courses **offered in that term (fall, IAP, spring, or summer) for the same academic year**.",False
27,"SELECT tm.AUTHOR, sd.SCHOOL_NAME, tms.TIP_MATERIAL_STATUS, SUM(td.RECORD_COUNT) AS Total_Record_Count , COUNT(distinct td.SUBJECT_ID) AS Total_Subject FROM TIP_DETAIL td JOIN (select TIP_MATERIAL_KEY, CASE WHEN INSTR(AUTHOR, ';') > 0 THEN SUBSTR(AUTHOR, 1, INSTR(AUTHOR, ';') - 1) ELSE AUTHOR END AS AUTHOR FROM TIP_MATERIAL) tm ON td.TIP_MATERIAL_KEY = tm.TIP_MATERIAL_KEY JOIN TIP_MATERIAL_STATUS tms ON td.TIP_MATERIAL_STATUS_KEY = tms.TIP_MATERIAL_STATUS_KEY JOIN TIP_SUBJECT_OFFERED tso ON td.TIP_SUBJECT_OFFERED_KEY = tso.TIP_SUBJECT_OFFERED_KEY JOIN STUDENT_DEPARTMENT sd ON tso.OFFER_DEPT_CODE = sd.DEPARTMENT_CODE GROUP BY tm.AUTHOR, tms.TIP_MATERIAL_STATUS, sd.SCHOOL_NAME;","What is the author, school name, material status, total record counts, and total number of types of courses for each author and school?","For each combination of author (using only the first author listed when multiple authors are separated by a semicolon), school name, and material status, what is the total sum of record counts and the total number of distinct courses?","For each combination of author (using only the first author listed when multiple authors are separated by a semicolon), school name, and material status, what is the total sum of record counts and the total number of distinct courses?",True,"What is the author **(using only the first author name before the first ';' if multiple authors are listed in the AUTHOR field)**, school name, material status, total record counts **(SUM of record counts)**, and total number of types of courses **(COUNT DISTINCT of courses)** for each author and school **and material status**?",False,"For each combination of author (using only the first author listed when multiple authors are separated by a semicolon), school name, and material status, what is the total sum of record counts and the total number of distinct courses?",True,"Can you show me, by author, school, and material status, the total number of records and how many different courses those records cover?",False,"What is the author (just the first name if multiple authors are listed separated by a semicolon), school name, material status, total record counts, and total number of different courses for each author and school?",False,"What is the author (if there are multiple authors separated by a semicolon, use only the first author listed), school name, material status, total record counts, and total number of types of courses for each author, school name, and material status?",False
28,"SELECT tso.COURSE_NUMBER, tso.SUBJECT_TITLE, tms.TIP_MATERIAL_STATUS, SUM(tm.NEW_SHELF_PRICE) as Total_New_Price, Min(tm.NEW_SHELF_PRICE) as Min_New_Price, Max(tm.NEW_SHELF_PRICE) as Max_New_Price, SUM(tm.USED_SHELF_PRICE) as Total_Used_Price, Min(tm.USED_SHELF_PRICE) as Min_Used_Price, Max(tm.USED_SHELF_PRICE) as Max_Used_Price, COUNT(DISTINCT OFFER_SCHOOL_NAME) AS Total_Num_Schools, COUNT(distinct td.TIP_MATERIAL_KEY) AS Total_Num_Materials FROM TIP_DETAIL td JOIN TIP_MATERIAL tm ON td.TIP_MATERIAL_KEY = tm.TIP_MATERIAL_KEY JOIN TIP_MATERIAL_STATUS tms ON td.TIP_MATERIAL_STATUS_KEY = tms.TIP_MATERIAL_STATUS_KEY JOIN TIP_SUBJECT_OFFERED tso ON td.TIP_SUBJECT_OFFERED_KEY = tso.TIP_SUBJECT_OFFERED_KEY GROUP BY tso.COURSE_NUMBER, tso.SUBJECT_TITLE, tms.TIP_MATERIAL_STATUS;","What is the course number, subject title, material status, the total, min, and max new shelf price, the total, min, and max used shelf price, total number of schools and the total number of materials for each TIP subject and material status?","For each combination of **course number**, **subject title**, and **material status**, what are the **total**, **minimum**, and **maximum** **new shelf price** and **used shelf price**, along with the **number of distinct schools** offering the course and the **number of distinct materials**?","For each combination of **course number**, **subject title**, and **material status**, what are the **total**, **minimum**, and **maximum** **new shelf price** and **used shelf price**, along with the **number of distinct schools** offering the course and the **number of distinct materials**?",True,"What is the course number, subject title, material status, the total, min, and max new shelf price, the total, min, and max used shelf price, total number of schools and the total number of materials for each TIP subject and material status?",True,"For each combination of **course number**, **subject title**, and **material status**, what are the **total**, **minimum**, and **maximum** **new shelf price** and **used shelf price**, along with the **number of distinct schools** offering the course and the **number of distinct materials**?",True,"Can you show me, for each course and material status, the total, lowest, and highest new and used shelf prices, along with how many schools offer the course and how many different materials are included?",False,"For each combination of course number, subject title, and material status, what are the total, min, and max new shelf price, the total, min, and max used shelf price, the number of different schools offering the course, and the number of different materials?",False,,True
29,"SELECT tms.TIP_MATERIAL_STATUS, COUNT(DISTINCT td.TIP_MATERIAL_KEY) AS Total_Materials, COUNT(DISTINCT td.SUBJECT_ID) AS Total_Subjects, COUNT(DISTINCT sd.SCHOOL_NAME) AS Total_Num_Schools, MAX(tm.YEAR) AS Most_Recent_Year FROM TIP_DETAIL td JOIN TIP_MATERIAL tm ON td.TIP_MATERIAL_KEY = tm.TIP_MATERIAL_KEY JOIN TIP_MATERIAL_STATUS tms ON td.TIP_MATERIAL_STATUS_KEY = tms.TIP_MATERIAL_STATUS_KEY JOIN TIP_SUBJECT_OFFERED tso ON td.TIP_SUBJECT_OFFERED_KEY = tso.TIP_SUBJECT_OFFERED_KEY JOIN STUDENT_DEPARTMENT sd ON tso.OFFER_DEPT_CODE = sd.DEPARTMENT_CODE GROUP BY tms.TIP_MATERIAL_STATUS;","What is material status, the total number of materials, the total number of subjects, the total number of schools, and the most recent publication year for each material status?","For each material status, how many distinct materials are there, how many distinct subjects are represented, how many distinct schools are involved, and what is the most recent publication year among those materials?","For each material status, how many distinct materials are there, how many distinct subjects are represented, how many distinct schools are involved, and what is the most recent publication year among those materials?",True,"What is material status, the total number of materials, the total number of subjects, the total number of schools, and the most recent publication year for each material status?",True,"For each material status, how many distinct materials are there, how many distinct subjects are represented, how many distinct schools are involved, and what is the most recent publication year among those materials?",True,"Can you show a summary by material status with the number of materials, the number of subjects covered, how many schools are involved, and the latest publication year?",False,"For each material status, what is the total number of different materials, the total number of different subjects, the total number of different schools, and the most recent publication year?",False,"What is material status, the total number of **distinct** materials, the total number of **distinct** subjects, the total number of **distinct** schools, and the most recent publication year for each material status?",False
30,"SELECT at.TERM_DESCRIPTION, at.IS_CURRENT_TERM, COUNT(DISTINCT tso.COURSE_NUMBER) AS Total_Courses, COUNT(DISTINCT tm.ISBN) AS Total_Materials, MIN(tso.NUM_ENROLLED_STUDENTS) AS Min_Enrolled_Students, MAX(tso.NUM_ENROLLED_STUDENTS) AS Max_Enrolled_Students, COUNT(DISTINCT OFFER_SCHOOL_NAME) AS Total_Num_Schools, SUM(td.RECORD_COUNT) AS Total_Records FROM ACADEMIC_TERMS_ALL at LEFT OUTER JOIN TIP_SUBJECT_OFFERED tso ON at.TERM_CODE = tso.TERM_CODE JOIN TIP_DETAIL td ON td.TIP_SUBJECT_OFFERED_KEY = tso.TIP_SUBJECT_OFFERED_KEY JOIN TIP_MATERIAL tm ON td.TIP_MATERIAL_KEY = tm.TIP_MATERIAL_KEY JOIN TIP_MATERIAL_STATUS tms ON td.TIP_MATERIAL_STATUS_KEY = tms.TIP_MATERIAL_STATUS_KEY GROUP BY at.TERM_CODE, at.TERM_DESCRIPTION, at.IS_CURRENT_TERM;","What is the term description, whether the term is current or not, total number of types of TIP subjects offered and materials needed, the minimum and maximum number of enrolled students, the total number of schools offering subjects, and the total number of records for each term code?","For each academic term (showing the term description and whether the term is current), what are the total number of distinct TIP subjects offered, the total number of distinct materials, the minimum and maximum enrolled students across those subjects, the total number of distinct schools offering them, and the total sum of the number of records?","What are the results for **each academic term**, including **every term even if it has no TIP subjects offered**, showing the **term description** and **whether the term is current**, and reporting: the **count of distinct TIP subjects offered**, the **count of distinct materials**, the **minimum and maximum enrolled students across those subjects**, the **count of distinct schools offering them**, and the **sum of the number of records**?",False,"What is the term description, whether the term is current or not, total number of **distinct** types of TIP subjects offered and **distinct** materials needed, the minimum and maximum number of enrolled students, the total number of **distinct** schools offering subjects, and the total number of records **(sum of number of records)** for each term code?",False,"What are the results for **each academic term** (include the term description and whether the term is current), where the output is **grouped by term code** and includes: the **count of distinct TIP subjects offered**, the **count of distinct materials**, the **minimum and maximum enrolled students** across those subjects, the **count of distinct schools** offering them, and the **sum of the number of records**?",False,"For each academic term, can you show me how many courses are offered, how many different materials are used, the lowest and highest student enrollment across those courses, how many schools are offering them, and the total number of records—along with whether the term is the current one?",False,"What is the term description, whether the term is current or not, total number of types of TIP subjects offered and materials needed, the minimum and maximum number of enrolled students, the total number of schools offering subjects, and the total number of records for each term code, including terms even if they have no TIP subjects offered?",False,,True
31,"SELECT DISTINCT new.BUILDING_NAME, new.BUILDING_NUMBER, fb.BUILDING_HEIGHT, new.BUILDING_STREET_ADDRESS, fba.CITY, fba.STATE, new.HR_DEPARTMENT_NAME, new.BLDG_ASSIGNABLE_SQUARE_FOOTAGE, new.Total_Square_Footage, new.Avg_Square_Footage_Per_Room FROM (SELECT b.BUILDING_NAME, b.BUILDING_NUMBER, b.BUILDING_STREET_ADDRESS, fb.FAC_BUILDING_KEY, fo.HR_DEPARTMENT_NAME, b.BLDG_ASSIGNABLE_SQUARE_FOOTAGE, SUM(fr.AREA) AS Total_Square_Footage, AVG(fr.AREA) AS Avg_Square_Footage_Per_Room FROM BUILDINGS b JOIN FAC_BUILDING fb ON b.BUILDING_KEY = fb.FAC_BUILDING_KEY JOIN FAC_ROOMS fr ON fb.FAC_BUILDING_KEY = fr.BUILDING_KEY JOIN FAC_ORGANIZATION fo ON fr.ORGANIZATION_KEY = fo.ORGANIZATION_KEY GROUP BY b.BUILDING_NAME, b.BUILDING_NUMBER, b.BUILDING_STREET_ADDRESS, fb.FAC_BUILDING_KEY, fo.HR_DEPARTMENT_NAME, b.BLDG_ASSIGNABLE_SQUARE_FOOTAGE) new JOIN FAC_BUILDING_ADDRESS fba ON new.FAC_BUILDING_KEY = fba.BUILDING_KEY JOIN FAC_BUILDING fb ON new.FAC_BUILDING_KEY = fb.FAC_BUILDING_KEY WHERE fba.ADDRESS_PURPOSE = 'STREET' ORDER BY new.BLDG_ASSIGNABLE_SQUARE_FOOTAGE DESC, new.Total_Square_Footage DESC, new.Avg_Square_Footage_Per_Room DESC;","List all buildings with their names, building numbers, building height, street address, city, state, HR department name, assignable square footage, total and average square footage, ordered in descending order of assignable, total, and average square footage.","For each combination of building (name, building number, and street address) and HR department name, show the building height, city and state for the building’s STREET address, the building’s assignable square footage, the total square footage across all rooms, and the average square footage per room; return distinct rows only, and sort the results by assignable square footage (descending), then total room square footage (descending), then average room square footage (descending).","For each combination of building (name, building number, and street address) and HR department name, show the building height, city and state for the building’s STREET address, the building’s assignable square footage, the total square footage across all rooms, and the average square footage per room; return distinct rows only, and sort the results by assignable square footage (descending), then total room square footage (descending), then average room square footage (descending).",True,"List all buildings with their names, building numbers, building height, street address, city, state, HR department name, assignable square footage, total and average square footage **(where the address purpose is 'STREET')**, ordered in descending order of assignable, total, and average square footage.",False,"For each combination of building (name, building number, and street address) and HR department name, show the building height, city and state for the building’s STREET address, the building’s assignable square footage, the total square footage across all rooms, and the average square footage per room; return distinct rows only, and sort the results by assignable square footage (descending), then total room square footage (descending), then average room square footage (descending).",True,"Can you list each building and HR department, showing the building’s address (street, city, state), building height, assignable square footage, total room square footage, and the average room size, sorted with the largest buildings first?",False,"List all buildings with their names, building numbers, building height, street address (street address only), city, state, HR department name, assignable square footage, and the total and average square footage across all rooms, ordered in descending order of assignable, total, and average square footage.",False,"List all buildings with their names, building numbers, building height, street address, city, state, HR department name, assignable square footage, total and average square footage, **only using the street address (where the address purpose is 'STREET')**, ordered in descending order of assignable, total, and average square footage.",False
32,"WITH SubjectCounts AS (SELECT TERM_CODE, FALL_INSTRUCTORS, SUBJECT_ID, COUNT(*) OVER (PARTITION BY TERM_CODE) AS Total_Subjects, COUNT(*) OVER (PARTITION BY FALL_INSTRUCTORS) AS Experience FROM COURSE_CATALOG_SUBJECT_OFFERED WHERE TERM_CODE = '2023FA') SELECT DISTINCT at.TERM_DESCRIPTION, ccso.SUBJECT_TITLE, ccso.PREREQUISITES, sc.Total_Subjects, ccso.FALL_INSTRUCTORS, sc.Experience FROM COURSE_CATALOG_SUBJECT_OFFERED ccso JOIN ACADEMIC_TERMS at ON ccso.TERM_CODE = at.TERM_CODE JOIN SubjectCounts sc ON ccso.TERM_CODE = sc.TERM_CODE AND ccso.SUBJECT_ID = sc.SUBJECT_ID WHERE ccso.TERM_CODE = '2023FA';","For the 2023 Fall term, what are the unique term descriptions, subject titles along with their prerequisites, total number of types of subjects per term code, instructor of this course, and the number of types of courses ever taught by the instructor?","For the 2023 Fall term, list each subject offered (showing the term description, subject title, prerequisites, and instructor), along with (1) the total number of subjects offered in that term and (2) for each instructor, how many subjects they are listed as teaching across all records.","For the 2023 Fall term, list each subject offered (showing the term description, subject title, prerequisites, and instructor), along with (1) the total number of subjects offered in that term and (2) for each instructor, how many subjects they are listed as teaching across all records.",True,"For the 2023 Fall term (TERM_CODE = '2023FA'), what are the unique term descriptions, subject titles along with their prerequisites, total number of subjects per term code (counted as COUNT(*) OVER (PARTITION BY TERM_CODE) from COURSE_CATALOG_SUBJECT_OFFERED), instructor of this course, and the number of courses ever taught by the instructor (counted as COUNT(*) OVER (PARTITION BY FALL_INSTRUCTORS) from COURSE_CATALOG_SUBJECT_OFFERED)?",False,"For the 2023 Fall term, list each subject offered (showing the term description, subject title, prerequisites, and instructor), along with (1) the total number of subjects offered in that term and (2) for each instructor, how many subjects they are listed as teaching across all records.",True,"For Fall 2023, can you show me the list of subjects being offered with the term name, subject title, prerequisites, and instructor, and also include how many total subjects are offered that term and how many subjects each instructor is teaching?",False,"For the 2023 Fall term, what are the unique term descriptions, each subject offered with its subject title and prerequisites, the total number of subjects offered in that term, the instructor for each subject, and how many subjects that instructor is listed as teaching across all records?",False,"For the 2023 Fall term, what are the unique term descriptions, subject titles along with their prerequisites, total number of types of subjects per term code, instructor of this course, and the number of types of courses ever taught by the instructor **(counting how many courses are in the 2023 Fall term overall, and how many courses each instructor has taught overall)**?",False
33,"SELECT fr.ROOM_FULL_NAME, fb.BUILDING_NAME, ff.FLOOR, fo.ORGANIZATION_NAME, fo.HR_DEPARTMENT_NAME, CASE WHEN ff.ASSIGNABLE_AREA = 0 THEN 0 ELSE fr.AREA/ff.ASSIGNABLE_AREA END AS PERC_OF_ASG_FLOOR, CASE WHEN fb.ASSIGNABLE_AREA = 0 THEN 0 ELSE fr.AREA/fb.ASSIGNABLE_AREA END AS PERC_OF_ASG_BUILDING FROM FAC_ROOMS fr JOIN FAC_BUILDING fb ON fr.BUILDING_KEY = fb.FAC_BUILDING_KEY JOIN FAC_FLOOR ff ON fr.FLOOR_KEY = ff.FLOOR_KEY JOIN FAC_ORGANIZATION fo ON fr.ORGANIZATION_KEY = fo.ORGANIZATION_KEY;","Show the details of rooms including the full name of the rooms, the building names, floor numbers, the organizations occupying them, name of the departments occupying them, and the percentage of the room area over the assignable floor area and building.","For each room, list the room’s full name, its building name, floor number, organization, and department, and also calculate (a) the room area as a percentage of the assignable floor area for that floor and (b) the room area as a percentage of the assignable building area for that building, treating the percentage as 0 when the corresponding assignable area is 0.","For each room, list the room’s full name, its building name, floor number, organization, and department, and also calculate (a) the room area as a percentage of the assignable floor area for that floor and (b) the room area as a percentage of the assignable building area for that building, treating the percentage as 0 when the corresponding assignable area is 0.",True,"Show the details of rooms including the full name of the rooms, the building names, floor numbers, the organizations occupying them, name of the departments occupying them, and the percentage of the room area over the assignable floor area and building, where the percentage of the room area over the assignable floor area is calculated as CASE WHEN the assignable floor area is 0 THEN 0 ELSE room area divided by assignable floor area END, and the percentage of the room area over the assignable building area is calculated as CASE WHEN the assignable building area is 0 THEN 0 ELSE room area divided by assignable building area END.",False,"For each room, list the room’s full name, its building name, floor number, organization, and department, and also calculate (a) the room area as a percentage of the assignable floor area for that floor and (b) the room area as a percentage of the assignable building area for that building, treating the percentage as 0 when the corresponding assignable area is 0.",True,"Can you show me a list of all rooms with their building, floor, organization, and department, along with what percent of the usable floor area and usable building area each room takes up?",False,"Show the details of rooms including the full name of the rooms, the building names, floor numbers, the organizations occupying them, name of the departments occupying them, and the percentage of the room area over the assignable floor area and over the assignable building area (use 0 if the assignable area is 0).",False,"Show the details of rooms including the full name of the rooms, the building names, floor numbers, the organizations occupying them, name of the departments occupying them, and the percentage of the room area over the assignable floor area and building, and also the percentage of the room area over the assignable building area.",False
34,"SELECT fr.ROOM_FULL_NAME, fb.BUILDING_NAME, ff.FLOOR, fo.ORGANIZATION_NAME, fo.HR_DEPARTMENT_NAME, CASE WHEN FLOOR_AREA = 0 THEN 0 ELSE fr.AREA/FLOOR_AREA END AS PERC_OF_FLOOR, CASE WHEN BUILDING_AREA = 0 THEN 0 ELSE fr.AREA/BUILDING_AREA END AS PERC_OF_BUILDING FROM (SELECT ROOM_FULL_NAME, BUILDING_KEY, FLOOR_KEY,ORGANIZATION_KEY, AREA, SUM(AREA) OVER (PARTITION BY FLOOR_KEY) AS FLOOR_AREA, SUM(AREA) OVER (PARTITION BY BUILDING_KEY) AS BUILDING_AREA FROM FAC_ROOMS) fr JOIN FAC_BUILDING fb ON fr.BUILDING_KEY = fb.FAC_BUILDING_KEY JOIN FAC_FLOOR ff ON fr.FLOOR_KEY = ff.FLOOR_KEY JOIN FAC_ORGANIZATION fo ON fr.ORGANIZATION_KEY = fo.ORGANIZATION_KEY;","Show the details of rooms including the full name of the rooms, the building names, floor numbers, the organizations occupying them, name of the departments occupying them, and the percentage of the room area over the floor area and building.","For each room, list its full name, building name, floor number, organization, and department, along with the room’s area as a percentage of the total area of its floor and as a percentage of the total area of its building (treat the percentage as 0 when the total floor or building area is 0).","For each room, list its full name, building name, floor number, organization, and department, along with the room’s area as a percentage of the total area of its floor and as a percentage of the total area of its building (treat the percentage as 0 when the total floor or building area is 0).",True,"Show the details of rooms including the full name of the rooms, the building names, floor numbers, the organizations occupying them, name of the departments occupying them, and the percentage of the room area over the floor area and building, **where the floor area is defined as the sum of room area over all rooms on the same floor (partitioned by FLOOR_KEY) and the building area is defined as the sum of room area over all rooms in the same building (partitioned by BUILDING_KEY), and the percentages are computed as room area divided by floor area and room area divided by building area, returning 0 when the corresponding floor area or building area is 0.**",False,"For each room, list its full name, building name, floor number, organization, and department, along with the room’s area as a percentage of the total area of its floor and as a percentage of the total area of its building (treat the percentage as 0 when the total floor or building area is 0).",True,"Can you show me a list of all rooms with their building, floor, organization, and department, and what share of the total floor area and total building area each room takes up?",False,"Show the details of rooms including the full name of the rooms, the building names, floor numbers, the organizations occupying them, name of the departments occupying them, and the percentage of the room area over the total floor area and total building area (use 0 if the total floor or building area is 0).",False,"Show the details of rooms including the full name of the rooms, the building names, floor numbers, the organizations occupying them, name of the departments occupying them, and the percentage of the room area over the total area of that room’s floor and over the total area of that room’s building.",False
35,"SELECT ata.ACADEMIC_YEAR, ed.FULL_NAME, COUNT(distinct so.COURSE_NUMBER) AS Total_Courses FROM SUBJECT_OFFERED so JOIN ACADEMIC_TERMS_ALL ata ON so.TERM_CODE = ata.TERM_CODE JOIN EMPLOYEE_DIRECTORY ed ON so.RESPONSIBLE_FACULTY_MIT_ID = ed.MIT_ID WHERE ata.ACADEMIC_YEAR = 2022 GROUP BY ata.ACADEMIC_YEAR, ed.FULL_NAME;","What are the academic year, and instructors names for courses offered in the academic year 2022, along with the total number of types of courses per instructor?","For academic year 2022, for each instructor (by name), how many distinct courses did they teach, grouped by academic year and instructor name?","For academic year 2022, for each instructor (by name), how many distinct courses did they teach, grouped by academic year and instructor name?",True,"What are the academic year, and instructors names for courses offered in the academic year 2022, along with the total number of **distinct course numbers** (types of courses) per instructor?",False,"For academic year 2022, for each instructor (by name), how many distinct courses did they teach, grouped by academic year and instructor name?",True,"For the 2022 academic year, how many different courses did each instructor teach?",False,"What are the academic year and instructors names for courses offered in the academic year 2022, along with how many different courses each instructor taught?",False,"What are the academic year, and instructors names for courses offered in the academic year 2022, along with the total number of different course numbers per instructor?",False
36,"SELECT fb.BUILDING_NAME, fo.HR_DEPARTMENT_NAME, fo.ORGANIZATION, MAX(ff.LEVEL_ID) as MAX_FLOOR, MIN(ff.LEVEL_ID) as MIN_FLOOR, COUNT(distinct fr.FAC_ROOM_KEY) AS Total_Rooms FROM FAC_BUILDING fb JOIN FAC_ROOMS fr ON fb.FAC_BUILDING_KEY = fr.BUILDING_KEY JOIN FAC_FLOOR ff ON fr.FLOOR_KEY = ff.FLOOR_KEY JOIN FAC_ORGANIZATION fo ON fr.ORGANIZATION_KEY = fo.ORGANIZATION_KEY GROUP BY fb.FAC_BUILDING_KEY, fb.BUILDING_NAME, fo.HR_DEPARTMENT_NAME, fo.ORGANIZATION;","What are the building names, department names, organizations, their highest and lowest floor number, along with the total number of rooms per each building key?","For each combination of building name, department name, and organization, what are the highest and lowest floor numbers where that organization has rooms in the building, and how many distinct rooms does it have there?","For each combination of building name, department name, and organization, what are the highest and lowest floor numbers where that organization has rooms in the building, and how many distinct rooms does it have there?",True,"What are the building names, department names, organizations, their highest and lowest floor number, along with the total number of **distinct** rooms per each building key, **grouped by building key, building name, department name, and organization**?",False,"For each combination of building name, department name, and organization, what are the highest and lowest floor numbers where that organization has rooms in the building, and how many distinct rooms does it have there?",True,"For each building, can you show which departments/organizations have space there, the lowest and highest floors they occupy, and how many rooms they have?",False,"What are the building names, department names, and organizations, along with the highest and lowest floor number where that organization has rooms in the building, and the total number of rooms for each building key?",False,"What are the building names, department names, organizations, their highest and lowest floor number, along with the total number of distinct rooms per each building key, for each combination of building key, building name, department name, and organization?",False
37,"SELECT DISTINCT msd.FULL_NAME, msd.EMAIL_ADDRESS, sd.DEPARTMENT_NAME, sad.DEPARTMENT_PHONE_NUMBER, sd.SCHOOL_NAME, (SELECT COUNT(DISTINCT msd2.EMAIL_ADDRESS) FROM MIT_STUDENT_DIRECTORY msd2 JOIN SIS_DEPARTMENT sd2 ON msd2.DEPARTMENT = sd2.DEPARTMENT_CODE WHERE sd2.DEPARTMENT_CODE = sd.DEPARTMENT_CODE) AS Total_Students_DEPT, (SELECT COUNT(DISTINCT msd3.EMAIL_ADDRESS) FROM MIT_STUDENT_DIRECTORY msd3 JOIN SIS_DEPARTMENT sd3 ON msd3.DEPARTMENT = sd3.DEPARTMENT_CODE WHERE sd3.SCHOOL_CODE = sd.SCHOOL_CODE) AS Total_Students_SCHOOL FROM MIT_STUDENT_DIRECTORY msd JOIN SIS_DEPARTMENT sd ON msd.DEPARTMENT = sd.DEPARTMENT_CODE JOIN SIS_ADMIN_DEPARTMENT sad ON sd.DEPARTMENT_CODE = sad.SIS_ADMIN_DEPARTMENT_CODE WHERE msd.FIRST_NAME = 'Kevin';","Provide the complete information for students with the first name Kevin, including their full names, email addresses, department names, department phone numbers, school names, and the total student count per department and school. If a student is associated with more than one department, list a separate row for each department.","For every student whose first name is **Kevin**, list their **full name** and **email address** along with their **department name**, the **department phone number**, and the **school name**, and also show (1) the **total number of distinct students (by email address) in that same department** and (2) the **total number of distinct students (by email address) in that same school**.","For every student whose first name is **Kevin**, list their **full name** and **email address** along with their **department name**, the **department phone number**, and the **school name**, and also show (1) the **total number of distinct students (by email address) in that same department** and (2) the **total number of distinct students (by email address) in that same school**.",True,"Provide the complete information for students with the first name Kevin, including their full names, email addresses, department names, department phone numbers, school names, and the total student count per department and school, where the total student count per department is the COUNT of DISTINCT student email addresses for that same department code and the total student count per school is the COUNT of DISTINCT student email addresses for that same school code. If a student is associated with more than one department, list a separate row for each department, and return DISTINCT rows.",False,"For every student whose first name is **Kevin**, list their **full name** and **email address** along with their **department name**, the **department phone number**, and the **school name**, and also show (1) the **total number of distinct students (by email address) in that same department** and (2) the **total number of distinct students (by email address) in that same school**.",True,"Can you show me all students named Kevin, including their full name and email, their department and school, the department phone number, and how many students are in that department and in that school?",False,"Provide the complete information for students with the first name Kevin, including their full names, email addresses, department names, department phone numbers, school names, and the total number of students (counted by unique email address) in the same department and in the same school. If a student is associated with more than one department, list a separate row for each department.",False,"Provide the complete information for students with the first name Kevin, including their full names, email addresses, department names, department phone numbers, school names, and the total number of different students in that student’s department and the total number of different students in that student’s school. If a student is associated with more than one department, list a separate row for each department, and don’t repeat identical rows.",False
38,"SELECT ccso.SUBJECT_TITLE, e.FULL_NAME AS INSTRUCTOR, e.EMAIL_ADDRESS, Total_Subjects.Total_Subjects FROM EMPLOYEE_DIRECTORY e JOIN COURSE_CATALOG_SUBJECT_OFFERED ccso ON ccso.RESPONSIBLE_FACULTY_MIT_ID = e.MIT_ID JOIN ACADEMIC_TERMS_ALL at ON ccso.TERM_CODE = at.TERM_CODE JOIN (SELECT ccso.RESPONSIBLE_FACULTY_MIT_ID, COUNT(DISTINCT ccso.SUBJECT_ID) AS Total_Subjects FROM COURSE_CATALOG_SUBJECT_OFFERED ccso JOIN ACADEMIC_TERMS_ALL at ON ccso.TERM_CODE = at.TERM_CODE WHERE at.TERM_CODE LIKE '%FA' GROUP BY ccso.RESPONSIBLE_FACULTY_MIT_ID) AS Total_Subjects ON e.MIT_ID = Total_Subjects.RESPONSIBLE_FACULTY_MIT_ID WHERE at.TERM_CODE LIKE '%FA' GROUP BY ccso.SUBJECT_TITLE, e.FULL_NAME, e.EMAIL_ADDRESS, Total_Subjects.Total_Subjects;","What are the unique titles of subjects offered in the fall term along with their instructor names, instructor emails, and the total number of types of subjects per instructor?","For all fall terms (term codes ending in “FA”), list each course title along with the responsible instructor’s name and email address, and also show the total number of distinct subjects that instructor is responsible for across all fall terms.","For all fall terms (term codes ending in “FA”), list each course title along with the responsible instructor’s name and email address, and also show the total number of distinct subjects that instructor is responsible for across all fall terms.",True,"What are the unique titles of subjects offered in the fall term **(i.e., where the fall term code matches `'%FA'`)** along with their instructor names, instructor emails, and the total number of types of subjects per instructor **(counting DISTINCT subject IDs per instructor, for fall terms only)**?",False,"For all fall terms (term codes ending in “FA”), list each course title along with the responsible instructor’s name and email address, and also show the total number of distinct subjects that instructor is responsible for across all fall terms.",True,"For fall terms, can you show me the list of course titles with the responsible instructor’s name and email, and also how many different subjects each instructor is responsible for in total across all fall terms?",False,"What are the unique titles of subjects offered in all fall terms (term codes ending in “FA”) along with their instructor names, instructor emails, and the total number of different subjects each instructor is responsible for across all fall terms?",False,"What are the unique titles of subjects offered in the fall term (terms whose code ends with “FA”) along with their instructor names, instructor emails, and the total number of different subjects per instructor?",False
39,"SELECT b.BUILDING_NAME, fo.HR_DEPARTMENT_NAME, SUM(b.BLDG_GROSS_SQUARE_FOOTAGE) AS Total_Gross_Sq_Ft, SUM(b.BLDG_ASSIGNABLE_SQUARE_FOOTAGE) AS Total_Assignable_Sq_Ft, AVG(b.BLDG_ASSIGNABLE_SQUARE_FOOTAGE) AS Avg_Assignable_Sq_Ft, YEAR(STR_TO_DATE(fb.DATE_BUILT, '%m/%d/%Y')) AS Year_Built FROM BUILDINGS b JOIN FAC_BUILDING fb ON b.BUILDING_KEY = fb.FAC_BUILDING_KEY JOIN FAC_ROOMS fr ON fb.FAC_BUILDING_KEY = fr.BUILDING_KEY JOIN FAC_ORGANIZATION fo ON fr.ORGANIZATION_KEY = fo.ORGANIZATION_KEY GROUP BY b.BUILDING_KEY, b.BUILDING_NAME, fo.HR_DEPARTMENT_NAME, fb.DATE_BUILT;","List the building names, names of HR departments occupying them, the total gross square footage, the total and average assignable square footage, and the built year per building key.","For each combination of building and HR department, list the building name, the HR department name, the total gross square footage, the total assignable square footage, the average assignable square footage, and the building’s year built (derived from the built date), grouping by building and HR department and the built date.","For each combination of building and HR department, list the building name, the HR department name, the total gross square footage, the total assignable square footage, the average assignable square footage, and the building’s year built (derived from the built date), grouping by building and HR department and the built date.",True,"List the building names, names of HR departments occupying them, the total gross square footage, the total and average assignable square footage, and the built year **(as the year extracted from the built date in `FAC_BUILDING.DATE_BUILT` formatted as `%m/%d/%Y`)** per building key, **grouped by building key, building name, HR department name, and the built date**.",False,"For each combination of building and HR department, list the building name, the HR department name, the total gross square footage, the total assignable square footage, the average assignable square footage, and the building’s year built (derived from the built date), grouping by building and HR department and the built date.",True,"Can you show me, for each building and the HR department using it, the building name, the department name, the building’s year it was built, and the gross and assignable square footage (including the average assignable square footage)?",False,"List the building names, the names of HR departments occupying them, the total gross square footage, the total and average assignable square footage, and the built year (from the built date) for each building and HR department.",False,,True
40,"SELECT ccso.SUBJECT_TITLE, ccso.SUBJECT_DESCRIPTION, ccso.RESPONSIBLE_FACULTY_NAME, ed.EMAIL_ADDRESS, b.BUILDING_NAME, fr.ROOM_FULL_NAME, ff.LEVEL_ID, b.BUILDING_STREET_ADDRESS, (SELECT COUNT(DISTINCT ccso2.SUBJECT_ID) FROM COURSE_CATALOG_SUBJECT_OFFERED ccso2 WHERE ccso2.DEPARTMENT_CODE = ccso.DEPARTMENT_CODE) AS Total_Courses FROM COURSE_CATALOG_SUBJECT_OFFERED ccso JOIN EMPLOYEE_DIRECTORY ed ON ccso.RESPONSIBLE_FACULTY_MIT_ID = ed.MIT_ID JOIN ACADEMIC_TERMS at ON ccso.TERM_CODE = at.TERM_CODE JOIN FAC_ROOMS fr ON ccso.MEET_PLACE = fr.FAC_ROOM_KEY JOIN FAC_FLOOR ff ON ff.FLOOR_KEY = fr.FLOOR_KEY JOIN BUILDINGS b ON fr.BUILDING_KEY = b.BUILDING_KEY JOIN FAC_BUILDING_ADDRESS fba ON fba.BUILDING_KEY = fr.BUILDING_KEY WHERE at.TERM_CODE LIKE '%SU' AND fba.ADDRESS_PURPOSE = 'STREET';","Retrieve the titles of subjects offered in the summer term along with their descriptions, responsible faculty names, email address, building name, room name, floor level, building street address, and the total number of types of courses per departmnet.","For all courses offered in the summer term, list the course title, description, responsible faculty name and email address, and the meeting location details (building name, room name, floor level, and the building’s street address where the address purpose is “STREET”), and also show the total number of distinct courses offered by the same department as each course.","For all courses offered in the summer term, list the course title, description, responsible faculty name and email address, and the meeting location details (building name, room name, floor level, and the building’s street address where the address purpose is “STREET”), and also show the total number of distinct courses offered by the same department as each course.",True,"Retrieve the titles of subjects offered in the summer term **(where the term code LIKE '%SU')** along with their descriptions, responsible faculty names, email address, building name, room name, floor level, building street address **(only for building addresses where the address purpose is 'STREET')**, and the total number of types of courses per departmnet **(counting DISTINCT courses/subject IDs within the same department as each subject)**.",False,"For all courses offered in the summer term, list the course title, description, responsible faculty name and email address, and the meeting location details (building name, room name, floor level, and the building’s street address where the address purpose is “STREET”), and also show the total number of distinct courses offered by the same department as each course.",True,"Can you show me all the courses offered in the summer term, including the course title and description, the instructor’s name and email, where the class meets (building, room, floor, and street address), and how many total courses that department offers?",False,"Retrieve the titles of subjects offered in the summer term along with their descriptions, responsible faculty names, email address, building name, room name, floor level, the building’s street address (the one listed as the “STREET” address), and the total number of different courses offered by the same department as each subject.",False,"Retrieve the titles of subjects offered in the summer term along with their descriptions, responsible faculty names, email address, building name, room name, floor level, building street address **(specifically the street address purpose)**, and the total number of **distinct** types of courses per departmnet.",False
41,"SELECT ata.TERM_DESCRIPTION, ccso.HASS_ATTRIBUTE_DESC, sd.DEPARTMENT_NAME, sd.SCHOOL_NAME, (SELECT COUNT(DISTINCT ccso2.SUBJECT_ID) FROM COURSE_CATALOG_SUBJECT_OFFERED ccso2 JOIN CIS_HASS_ATTRIBUTE cha2 ON ccso2.HASS_ATTRIBUTE = cha2.HASS_ATTRIBUTE WHERE ccso2.TERM_CODE = ata.TERM_CODE AND cha2.CIS_ATTRIBUTE_GROUP = cha.CIS_ATTRIBUTE_GROUP) AS Total_Subjects FROM COURSE_CATALOG_SUBJECT_OFFERED ccso JOIN CIS_HASS_ATTRIBUTE cha ON ccso.HASS_ATTRIBUTE = cha.HASS_ATTRIBUTE JOIN SIS_DEPARTMENT sd ON ccso.DEPARTMENT_CODE = sd.DEPARTMENT_CODE JOIN ACADEMIC_TERMS_ALL ata ON ccso.TERM_CODE = ata.TERM_CODE WHERE cha.CIS_ATTRIBUTE_GROUP = 'H';","For each term code, list the term description, attribute desciption, department name, school name, and the number of subjects in the area of humanities, arts and social sciences.","For each academic term description, attribute description, department name, and school name, list the total number of distinct subjects offered in that same term that fall under the “area of humanities, arts and social studies” group equal to “H.”","For each academic term description, attribute description, department name, and school name, considering only offerings that fall under the “area of humanities, arts and social studies” group equal to “H,” list the total number of distinct subjects offered in that same academic term that also fall under the “H” group (counting distinct subjects across all departments and attributes within the term).",False,"For each term code, list the term description, attribute desciption, department name, school name, and the number of **distinct** subjects in the area of humanities, arts and social sciences **(where the area of humanities, arts and social studies equals 'H')**, with the number of subjects counted **per term code and per area of humanities, arts and social studies (not per attribute desciption, department name, or school name)**.",False,"For each academic term description, attribute description, department name, and school name, considering only records where the “area of humanities, arts and social studies” group equals “H,” list the total number of distinct subjects offered in that same academic term that also fall under the “H” group.",False,"For each term, can you show the departments and schools offering Humanities/Arts/Social Studies (“H”) subjects, along with how many unique subjects are offered that term?",False,"For each term code, list the term description, attribute desciption, department name, school name, and the number of unique subjects offered in that same term in the area of humanities, arts and social studies (group “H”).",False,"For each term code, list the term description, attribute desciption, department name, school name, and the number of **distinct** subjects in the area of humanities, arts and social sciences.",False
42,"SELECT fb.BUILDING_NAME, fb.BUILDING_HEIGHT, b.BUILDING_STREET_ADDRESS, fba.CITY, fba.STATE, fba.POSTAL_CODE, fb.EXT_GROSS_AREA, fb.ASSIGNABLE_AREA, MIN(ff.LEVEL_ID) as SMALLEST_FLOOR, MAX(LEVEL_ID) AS HIGHEST_FLOOR, SUM(fr.AREA) AS Total_Room_Area FROM FAC_BUILDING fb JOIN FAC_BUILDING_ADDRESS fba ON fb.FAC_BUILDING_KEY = fba.BUILDING_KEY JOIN FAC_FLOOR ff ON fb.FAC_BUILDING_KEY = ff.BUILDING_KEY JOIN FAC_ROOMS fr ON ff.FLOOR_KEY = fr.FLOOR_KEY JOIN BUILDINGS b ON b.BUILDING_KEY = fb.FAC_BUILDING_KEY WHERE fba.ADDRESS_PURPOSE = 'STREET' GROUP BY fb.FAC_BUILDING_KEY, fb.BUILDING_NAME, fb.BUILDING_HEIGHT, fba.CITY, fba.POSTAL_CODE, fba.STATE, b.BUILDING_STREET_ADDRESS, fb.EXT_GROSS_AREA, fb.ASSIGNABLE_AREA;","List building names, their height, street address, city, state, postal code, their gross and assignable square footage, the smallest and largest floor level and the total area of all rooms for each building key.","For each building, show the building name, height, street address (only where the address purpose is “STREET”), city, state, postal code, gross square footage, and assignable square footage, along with the smallest floor level, highest floor level, and the total room area summed across all rooms in the building.","For each building, show the building name, height, street address (only where the address purpose is “STREET”), city, state, postal code, gross square footage, and assignable square footage, along with the smallest floor level, highest floor level, and the total room area summed across all rooms in the building.",True,"List building names, their height, street address **(only where the address purpose is 'STREET')**, city, state, postal code, their gross and assignable square footage, the smallest and largest floor level and the total area of all rooms for each building key.",False,"For each building, show the building name, height, street address (only where the address purpose is “STREET”), city, state, postal code, gross square footage, and assignable square footage, along with the smallest floor level, highest floor level, and the total room area summed across all rooms in the building.",True,"Can you pull a list of all buildings with their name, height, street address, city/state/ZIP, gross and assignable square footage, the lowest and highest floor levels, and the total room area for each building?",False,"List building names, their height, street address (only the “STREET” address), city, state, postal code, their gross and assignable square footage, the smallest and largest floor level, and the total area of all rooms for each building key.",False,,True
43,"SELECT c.CATEGORY_TITLE, c.VERSION, sd.DEPARTMENT_NAME, sd.SCHOOL_NAME, SUM(CASE WHEN scd.COURSE_LEVEL = 'U' THEN 1 ELSE 0 END) AS Total_U_Courses, SUM(CASE WHEN scd.COURSE_LEVEL = 'G' THEN 1 ELSE 0 END) AS Total_G_Courses, SUM(CASE WHEN scd.IS_DEGREE_GRANTING = 'Y' THEN 1 ELSE 0 END) AS Total_Degree_Granting_Courses FROM CIP c JOIN SIS_COURSE_DESCRIPTION scd ON c.PROGRAM_CODE = scd.CIP_PROGRAM_CODE JOIN SIS_DEPARTMENT sd ON scd.DEPARTMENT = sd.DEPARTMENT_CODE GROUP BY c.CATEGORY_CODE, c.CATEGORY_TITLE, c.VERSION, sd.DEPARTMENT_NAME, sd.SCHOOL_NAME;","What is the category title, version, department name, school name, total number of courses for each course level, and the total number of degree-granting courses for each CIP category code?","For each combination of CIP category code, category title, and version, and for each department name and school name, how many undergraduate-level courses are there, how many graduate-level courses are there, and how many degree-granting courses are there (counting courses by summing 1 for each course that matches each condition)?","For each combination of CIP category code, category title, and version, and for each department name and school name, how many undergraduate-level courses are there, how many graduate-level courses are there, and how many degree-granting courses are there (counting courses by summing 1 for each course that matches each condition)?",True,"What is the category title, version, department name, school name, total number of courses for each course level **(counting 'U' as Total_U_Courses and 'G' as Total_G_Courses)**, and the total number of degree-granting courses **(counting IS_DEGREE_GRANTING = 'Y' as Total_Degree_Granting_Courses)** for each CIP category code, **grouped by CIP category code, category title, version, department name, and school name**?",False,"For each combination of CIP category code, category title, and version, and for each department name and school name, how many undergraduate-level courses are there, how many graduate-level courses are there, and how many degree-granting courses are there (counting courses by summing 1 for each course that matches each condition)?",True,"Can you show me, for each CIP category and department (including the school), how many undergraduate courses, graduate courses, and degree‑granting courses we have?",False,"What is the category title, version, department name, school name, how many undergraduate courses and how many graduate courses there are, and the total number of degree-granting courses for each CIP category code?",False,"What is the category title, version, department name, school name, total number of courses for each course level, and the total number of degree-granting courses for each CIP category code, broken down by each department and school?",False
44,"SELECT COUNT(distinct lrc.CATALOG_SYSTEM_NUMBER) AS Total_Materials, MIN(lrc.CATALOG_YEAR) AS Min_Publication_Year, MAX(lrc.CATALOG_YEAR) AS Max_Publication_Year, COUNT(DISTINCT lms.LIBRARY_MATERIAL_STATUS) AS Total_Statuses FROM LIBRARY_COURSE_INSTRUCTOR lci JOIN LIBRARY_RESERVE_MATRL_DETAIL lrmd ON lci.LIBRARY_COURSE_INSTRUCTOR_KEY = lrmd.LIBRARY_COURSE_INSTRUCTOR_KEY JOIN LIBRARY_RESERVE_CATALOG lrc ON lrmd.LIBRARY_RESERVE_CATALOG_KEY = lrc.LIBRARY_RESERVE_CATALOG_KEY JOIN LIBRARY_MATERIAL_STATUS lms ON lrmd.LIBRARY_MATERIAL_STATUS_KEY = lms.LIBRARY_MATERIAL_STATUS_KEY GROUP BY lci.COURSE_NAME;","What is the total number of library materials, the minimum and maximum publication years, and the total number of materials status for each course name?","For each course name, how many distinct library materials are on reserve, what are the earliest and latest publication years among those materials, and how many distinct materials statuses are represented?","For each course name, how many distinct library materials are on reserve, what are the earliest and latest publication years among those materials, and how many distinct materials statuses are represented?",True,"What is the total number of library materials, the minimum and maximum publication years, and the total number of materials status for each course name?",True,"For each course name, how many distinct library materials are on reserve, what are the earliest and latest publication years among those materials, and how many distinct materials statuses are represented?",True,"For each course, can you show how many reserve items it has, the oldest and newest publication year among those items, and how many different status types those items have?",False,"For each course name, what’s the total number of distinct library materials on reserve, the minimum and maximum publication years, and the total number of distinct material statuses?",False,"What is the total number of **distinct** library materials, the minimum and maximum publication years, and the total number of **distinct** materials status for each course name?",False
45,"SELECT COUNT(distinct lrc.CATALOG_SYSTEM_NUMBER) AS Total_Materials, MIN(lrc.CATALOG_YEAR) AS Min_Publication_Year, MAX(lrc.CATALOG_YEAR) AS Max_Publication_Year, SUM(lso.NUM_ENROLLED_STUDENTS) AS Total_Enrolled_Students FROM LIBRARY_COURSE_INSTRUCTOR lci JOIN LIBRARY_RESERVE_MATRL_DETAIL lrmd ON lci.LIBRARY_COURSE_INSTRUCTOR_KEY = lrmd.LIBRARY_COURSE_INSTRUCTOR_KEY JOIN LIBRARY_RESERVE_CATALOG lrc ON lrmd.LIBRARY_RESERVE_CATALOG_KEY = lrc.LIBRARY_RESERVE_CATALOG_KEY JOIN LIBRARY_SUBJECT_OFFERED lso ON lrmd.LIBRARY_SUBJECT_OFFERED_KEY = lso.LIBRARY_SUBJECT_OFFERED_KEY GROUP BY lci.INSTRUCTOR_NAME;","What is the total number of library reserve materials, the minimum and maximum publication years, and the total number of enrolled students for each course instructor?","For each course instructor, what is the total number of distinct library reserve materials, the earliest and latest publication years among those materials, and the total number of enrolled students across the associated subject offerings?","For each course instructor, what is the total number of distinct library reserve materials, the earliest and latest publication years among those materials, and the total number of enrolled students across the associated subject offerings?",True,"What is the total number of library reserve materials, the minimum and maximum publication years, and the total number of enrolled students for each course instructor?",True,"For each course instructor, what is the total number of distinct library reserve materials, the earliest and latest publication years among those materials, and the total number of enrolled students across the associated subject offerings?",True,"For each instructor, can you show how many reserve items they have, the oldest and newest publication year of those items, and the total number of students enrolled in the related courses?",False,"What is the total number of different library reserve materials, the minimum and maximum publication years for those materials, and the total number of enrolled students across the related subject offerings for each course instructor?",False,,True
46,"SELECT lms.LIBRARY_MATERIAL_STATUS, ata.TERM_DESCRIPTION, COUNT(DISTINCT lso.COURSE_NUMBER) AS Total_Courses, COUNT(DISTINCT lrc.CATALOG_SYSTEM_NUMBER) AS Total_Materials, COUNT(DISTINCT lso.OFFER_DEPT_CODE), COUNT(DISTINCT lso.OFFER_SCHOOL_NAME), COUNT(DISTINCT lci.INSTRUCTOR_NAME) AS Total_Instructors FROM LIBRARY_MATERIAL_STATUS lms JOIN LIBRARY_RESERVE_MATRL_DETAIL lrmd ON lms.LIBRARY_MATERIAL_STATUS_KEY = lrmd.LIBRARY_MATERIAL_STATUS_KEY JOIN LIBRARY_SUBJECT_OFFERED lso ON lrmd.LIBRARY_SUBJECT_OFFERED_KEY = lso.LIBRARY_SUBJECT_OFFERED_KEY JOIN LIBRARY_COURSE_INSTRUCTOR lci ON lrmd.LIBRARY_COURSE_INSTRUCTOR_KEY = lci.LIBRARY_COURSE_INSTRUCTOR_KEY JOIN LIBRARY_RESERVE_CATALOG lrc ON lrmd.LIBRARY_RESERVE_CATALOG_KEY = lrc.LIBRARY_RESERVE_CATALOG_KEY JOIN ACADEMIC_TERMS_ALL ata ON ata.TERM_CODE = lso.TERM_CODE GROUP BY lms.LIBRARY_MATERIAL_STATUS_CODE, lms.LIBRARY_MATERIAL_STATUS, lso.TERM_CODE, ata.TERM_DESCRIPTION;","What is the material status, term description, total number of courses and materials, occurences in departments and school, and the total number of instructors for each library material status code and term code?","For each combination of **library material status** and **academic term (term description)**, how many **distinct courses**, **distinct materials**, **distinct departments**, **distinct schools**, and **distinct instructors** are there?","For each combination of **library material status** and **academic term (term description)**, grouped by both the **library material status code** and the **term code** (in addition to the displayed status and term description), how many **distinct courses**, **distinct materials**, **distinct departments**, **distinct schools**, and **distinct instructors** are there?",False,"What is the material status, term description, total number of **distinct** courses and **distinct** materials, **the count of distinct departments and the count of distinct schools**, and the total number of **distinct** instructors for each library material status code and term code, **grouped by library material status code, material status, term code, and term description**?",False,"For each combination of **library material status** and **academic term (term description)**, grouped by both the **library material status code** and the **term code** (in addition to their descriptions), how many **distinct courses**, **distinct materials**, **distinct departments**, **distinct schools**, and **distinct instructors** are there?",False,"For each academic term and material status, can you show me how many courses, reserve materials, departments, schools, and instructors are involved?",False,"What is the material status, term description, total number of courses and materials, occurrences in departments and school, and the total number of instructors for each combination of library material status code and term code?",False,"What is the material status, term description, total number of **distinct** courses and **distinct** materials, **the number of distinct departments and distinct schools**, and the total number of **distinct** instructors for each library material status code and term code?",False
47,"SELECT DISTINCT su.SPACE_UNIT, sf.FLOOR, b.BUILDING_NAME, b.BUILDING_STREET_ADDRESS, su2.SPACE_USAGE, (SELECT COUNT(DISTINCT fo2.FCLT_ORGANIZATION_KEY) FROM SPACE_UNIT su2 JOIN SPACE_DETAIL sd2 ON su2.SPACE_UNIT_KEY = sd2.SPACE_UNIT_KEY JOIN FCLT_ORGANIZATION fo2 ON fo2.FCLT_ORGANIZATION_KEY = su2.FCLT_ORGANIZATION_KEY WHERE sd2.FLOOR_KEY = sd.FLOOR_KEY AND sd2.BUILDING_KEY = sd.BUILDING_KEY) AS Total_Organizations, (SELECT COUNT(DISTINCT su3.SPACE_UNIT) FROM SPACE_UNIT su3 JOIN SPACE_DETAIL sd3 ON su3.SPACE_UNIT_KEY = sd3.SPACE_UNIT_KEY WHERE sd3.FLOOR_KEY = sd.FLOOR_KEY AND sd3.BUILDING_KEY = sd.BUILDING_KEY) AS Total_Space_Units FROM SPACE_UNIT su JOIN SPACE_DETAIL sd ON su.SPACE_UNIT_KEY = sd.SPACE_UNIT_KEY JOIN SPACE_USAGE su2 ON su2.SPACE_USAGE_KEY = sd.SPACE_USAGE_KEY JOIN SPACE_FLOOR sf ON sd.FLOOR_KEY = sf.FLOOR_KEY JOIN BUILDINGS b ON b.BUILDING_KEY = sd.BUILDING_KEY JOIN FCLT_ORGANIZATION fo ON fo.FCLT_ORGANIZATION_KEY = su.FCLT_ORGANIZATION_KEY JOIN FCLT_BUILDING_ADDRESS fba ON fba.FCLT_BUILDING_KEY = b.BUILDING_KEY WHERE fba.ADDRESS_PURPOSE = 'STREET' AND b.BUILDING_NUMBER = 36;","For building 36, list all space units, their floor and building name, building street address, their space usage, and the number of organizations and space units on the same building and floor.","For building 36, using only the street address, list each distinct space unit along with its floor, building name, building street address, and space usage, and for the same building-and-floor combination also show (1) the total number of distinct organizations occupying space units on that floor and (2) the total number of distinct space units on that floor.","For building 36, using only the street address, list each distinct space unit along with its floor, building name, building street address, and space usage, and for the same building-and-floor combination also show (1) the total number of distinct organizations occupying space units on that floor and (2) the total number of distinct space units on that floor.",True,"For building 36, list all **distinct** space units, their floor and building name, building street address **(only where the building address purpose is 'STREET')**, their space usage, and the number of **distinct** organizations and **distinct** space units on the same building and floor.",False,"For building 36, using only the street address, list each distinct space unit along with its floor, building name, building street address, and space usage, and for the same building-and-floor combination also show (1) the total number of distinct organizations occupying space units on that floor and (2) the total number of distinct space units on that floor.",True,"For Building 36, can you show me a list of all space units with their floor, building name and street address, and what each space is used for—and also include, for each floor, how many organizations are on that floor and how many space units there are total?",False,"For building 36, using the street address, list all space units, their floor and building name, building street address, their space usage, and the number of organizations and space units on the same building and floor.",False,"For building 36, where the building street address is the one marked for STREET purposes, list all space units, their floor and building name, building street address, their space usage, and the number of distinct organizations and distinct space units on the same building and floor.",False
48,"SELECT ml.MOIRA_LIST_NAME, ml.IS_MOIRA_MAILING_LIST, ml.IS_MOIRA_GROUP, ml.IS_NFS_GROUP, mlo.OWNER, member_counts.occurrences FROM MOIRA_LIST_DETAIL mld JOIN MOIRA_LIST ml ON mld.MOIRA_LIST_KEY = ml.MOIRA_LIST_KEY JOIN MOIRA_LIST_OWNER mlo ON mld.MOIRA_LIST_OWNER_KEY = mlo.MOIRA_LIST_OWNER_KEY JOIN ( SELECT mld.MOIRA_LIST_KEY, COUNT(mld.MOIRA_LIST_MEMBER) AS occurrences FROM MOIRA_LIST_DETAIL mld GROUP BY mld.MOIRA_LIST_KEY HAVING COUNT(mld.MOIRA_LIST_MEMBER) > 1000 ) member_counts ON ml.MOIRA_LIST_KEY = member_counts.MOIRA_LIST_KEY WHERE upper(ml.MOIRA_LIST_NAME) LIKE 'A%';","For each distinct mailing list containing more than 1000 people and with a name starting with A (case insensitive), provide its name, whether it is a mailing list, whether it is a moira group, whether it is a NFS group, the owner of the mailing list, and the number of people in the list.","Which Moira lists whose name starts with “A” have more than 1,000 people, and for each such list, what are the list’s name, whether it is a mailing list, a Moira group, or an NFS group, who the owner is, and the total number of people in the list?","Which Moira lists whose name starts with “A” have more than 1,000 people, and for each such list, what are the list’s name, whether it is a mailing list, a Moira group, or an NFS group, who the owner is, and the total number of people in the list?",True,"For each distinct mailing list containing more than 1000 people **(counting MOIRA_LIST_DETAIL.MOIRA_LIST_MEMBER grouped by MOIRA_LIST_DETAIL.MOIRA_LIST_KEY, and keeping only those with COUNT(MOIRA_LIST_MEMBER) > 1000)** and with a name starting with A (case insensitive), provide its name, whether it is a mailing list, whether it is a moira group, whether it is a NFS group, the owner of the mailing list, and the number of people in the list.",False,"Which Moira lists whose name starts with “A” have more than 1,000 people, and for each such list, what are the list’s name, whether it is a mailing list, a Moira group, or an NFS group, who the owner is, and the total number of people in the list?",True,"Can you show me all Moira lists that start with “A” and have over 1,000 members, along with the owner and whether each one is a mailing list, a Moira group, or an NFS group?",False,"For each distinct mailing list containing more than 1000 people and with a name starting with A (case insensitive), provide its name, whether it is a mailing list, whether it is a moira group, whether it is a NFS group, the owner of the mailing list, and the number of people in the list.",True,"For each distinct mailing list containing more than 1000 people and with a name starting with A (case insensitive), provide its name, whether it is a mailing list, whether it is a moira group, whether it is a NFS group, the owner of the mailing list, and the number of people in the list, counting people based on the list’s membership records.",False
49,"WITH Occurrences AS ( SELECT mld.MOIRA_LIST_KEY, mld.MOIRA_LIST_OWNER_KEY, COUNT(mld.MOIRA_LIST_MEMBER) AS occurrences FROM MOIRA_LIST_DETAIL mld GROUP BY mld.MOIRA_LIST_KEY,mld.MOIRA_LIST_OWNER_KEY ) SELECT DISTINCT ml.MOIRA_LIST_NAME, mlo.OWNER, ml.IS_PUBLIC, ml.IS_HIDDEN, o.occurrences FROM Occurrences o JOIN MOIRA_LIST ml ON o.MOIRA_LIST_KEY = ml.MOIRA_LIST_KEY JOIN MOIRA_LIST_OWNER mlo ON O.MOIRA_LIST_OWNER_KEY = mlo.MOIRA_LIST_OWNER_KEY WHERE o.occurrences = (SELECT MIN(occurrences) FROM Occurrences) OR o.occurrences = (SELECT MAX(occurrences) FROM Occurrences);","List the mailing lists with the largest number of members and the least number of members, including their names, owners, public status, hidden status, and number of members in the list. If a mailing list has multiple owners, create a separate entry for each owner. Similarly, if multiple lists share the minimum or maximum member count, include all those lists.","Which list names and their owners have the fewest members and which have the most members overall (counting members per list-owner pair), and for each of those extremes show the list’s public status, hidden status, and the member count?","Which list names and their owners have the fewest members and which have the most members overall (counting members per list-owner pair), and for each of those extremes show the list’s public status, hidden status, and the member count?",True,"List the mailing lists with the largest number of members and the least number of members, including their names, owners, public status, hidden status, and number of members in the list, where the number of members is computed as COUNT(members) grouped by both the mailing list and the owner (i.e., per (list, owner) pair). If a mailing list has multiple owners, create a separate entry for each owner. Similarly, if multiple lists share the minimum or maximum member count, include all those lists, and return only the (list, owner) entries whose member count equals the global MIN or the global MAX of these per-(list, owner) counts across all lists and owners.",False,"Which list names and their owners have the fewest members and which have the most members overall (counting members per list-owner pair), and for each of those extremes show the list’s public status, hidden status, and the member count?",True,"Can you show me which Moira lists have the smallest and largest number of members, along with the list name, owner, whether it’s public or hidden, and the member count?",False,"List the mailing lists with the largest number of members and the least number of members, including their names, owners, public status, hidden status, and number of members in the list. If a mailing list has multiple owners, create a separate entry for each owner (and count members for each list-owner pair). Similarly, if multiple lists share the minimum or maximum member count, include all those lists.",False,,True
50,"WITH FilteredLists AS ( SELECT ml.MOIRA_LIST_KEY, ml.MOIRA_LIST_NAME FROM MOIRA_LIST ml WHERE upper(ml.MOIRA_LIST_NAME) LIKE 'C%' ) SELECT DISTINCT fl.MOIRA_LIST_NAME AS Moira_List_Name, COUNT(mld.MOIRA_LIST_MEMBER) AS Member_Count, COUNT(DISTINCT ed.MIT_ID) AS Distinct_Faculty_Count FROM COURSE_CATALOG_SUBJECT_OFFERED ccso JOIN EMPLOYEE_DIRECTORY ed ON ccso.RESPONSIBLE_FACULTY_MIT_ID = ed.MIT_ID JOIN MOIRA_LIST_DETAIL mld ON UPPER(ed.KRB_NAME) = UPPER(mld.MOIRA_LIST_MEMBER) JOIN FilteredLists fl ON mld.MOIRA_LIST_KEY = fl.MOIRA_LIST_KEY JOIN ACADEMIC_TERMS at ON ccso.TERM_CODE = at.TERM_CODE WHERE at.TERM_CODE LIKE '%SU' AND CAST(at.FINANCIAL_AID_YEAR AS UNSIGNED) > 2001 GROUP BY fl.MOIRA_LIST_NAME;","For email lists with names starting with C (case insensitive) and containing faculty who teach courses in the summer in financial aid years after 2001, provide the name of the list, the number of people in the list, and the number of faculty in the list.","For each mailing list whose name starts with “C”, considering only courses offered in summer terms and only for financial aid years after 2001, how many people are on the list and how many distinct faculty members (matched by name to list members) are responsible for those courses?","For each mailing list whose name starts with “C”, considering only courses offered in summer terms and only for financial aid years after 2001, how many people are on the list and how many distinct faculty members (matched by name to list members) are responsible for those courses?",True,"For email lists with names starting with C (case insensitive) and containing faculty **(matched by comparing EMPLOYEE_DIRECTORY.KRB_NAME to MOIRA_LIST_DETAIL.MOIRA_LIST_MEMBER case-insensitively)** who teach courses in the summer **(ACADEMIC_TERMS.TERM_CODE ends with 'SU')** in financial aid years **(ACADEMIC_TERMS.FINANCIAL_AID_YEAR cast to an unsigned number)** after 2001, provide the name of the list, the number of people in the list, and the number of faculty in the list **(count distinct EMPLOYEE_DIRECTORY.MIT_ID), grouped by list name, and return distinct list names**.",False,"For each mailing list whose name starts with “C”, considering only courses offered in summer terms and only for financial aid years after 2001, how many people are on the list and how many distinct faculty members (matched by name to list members) are responsible for those courses?",True,"For each mailing list that starts with “C”, for summer courses after the 2001 financial aid year, how many members are on the list and how many different faculty are teaching those courses?",False,"For email lists with names starting with C (case insensitive), looking at faculty who are responsible for teaching summer courses in financial aid years after 2001 (matching faculty names to list members), provide the name of the list, the number of people in the list, and the number of distinct faculty in the list.",False,,True
51,"SELECT COUNT(DISTINCT se.MIT_ID) AS Student_Count, COUNT(DISTINCT sd.DEPARTMENT_CODE) AS Department_Count, COUNT(DISTINCT sd.SCHOOL_CODE) AS School_Count FROM MOIRA_LIST ml JOIN MOIRA_LIST_DETAIL mld ON ml.MOIRA_LIST_KEY = mld.MOIRA_LIST_KEY JOIN SE_PERSON se ON upper(mld.MOIRA_LIST_MEMBER) = upper(se.KRB_NAME) JOIN MIT_STUDENT_DIRECTORY msd ON msd.FULL_NAME = se.FULL_NAME JOIN SIS_DEPARTMENT sd ON msd.DEPARTMENT = sd.DEPARTMENT_CODE WHERE ml.MOIRA_LIST_NAME = 'candle-duo-users'","Regarding the mailing list about duo users, provide the number of students in this list, and the number of departments and schools associated with these students.","For the duo users list named **“candle-duo-users”**, how many **distinct students** are on the list, and among those students how many **distinct departments** and **distinct schools** do they belong to?","For the duo users list named **“candle-duo-users”**, how many **distinct students** are on the list, and among those students how many **distinct departments** and **distinct schools** do they belong to?",True,"Regarding the mailing list about duo users, **specifically the MOIRA list with MOIRA_LIST_NAME = 'candle-duo-users'**, provide the number of students in this list **(count DISTINCT SE_PERSON.MIT_ID)**, and the number of departments **(count DISTINCT SIS_DEPARTMENT.DEPARTMENT_CODE)** and schools **(count DISTINCT SIS_DEPARTMENT.SCHOOL_CODE)** associated with these students.",False,"For the duo users list named **“candle-duo-users”**, how many **distinct students** are on the list, and among those students how many **distinct departments** and **distinct schools** do they belong to?",True,"For the “candle-duo-users” list, how many students are on it, and what departments and schools are they from (and how many of each)?",False,"Regarding the duo users mailing list named “candle-duo-users,” provide the number of students in this list, and the number of departments and schools associated with these students.",False,"Regarding the mailing list about duo users, provide the number of **distinct** students in this list, and the number of **distinct** departments and **distinct** schools associated with these students, **for the mailing list named ""candle-duo-users.""**",False
52,"WITH filtered_lists AS ( SELECT mld.MOIRA_LIST_KEY FROM MOIRA_LIST_DETAIL mld GROUP BY mld.MOIRA_LIST_KEY HAVING COUNT(DISTINCT mld.MOIRA_LIST_MEMBER) = 10 ), instructor_courses AS ( SELECT fl.MOIRA_LIST_KEY, ccso.RESPONSIBLE_FACULTY_MIT_ID, COUNT(DISTINCT ccso.SUBJECT_TITLE) AS course_count FROM filtered_lists fl JOIN MOIRA_LIST_DETAIL mld ON fl.MOIRA_LIST_KEY = mld.MOIRA_LIST_KEY JOIN employee_directory ed ON UPPER(mld.MOIRA_LIST_MEMBER) = UPPER(ed.KRB_NAME) JOIN COURSE_CATALOG_SUBJECT_OFFERED ccso ON ed.MIT_ID = ccso.RESPONSIBLE_FACULTY_MIT_ID WHERE ccso.TERM_CODE = '2023FA' GROUP BY fl.MOIRA_LIST_KEY, ccso.RESPONSIBLE_FACULTY_MIT_ID ), instructor_counts AS ( SELECT MOIRA_LIST_KEY, COUNT(DISTINCT RESPONSIBLE_FACULTY_MIT_ID) AS instructor_count, SUM(course_count) AS total_courses FROM instructor_courses GROUP BY MOIRA_LIST_KEY ) SELECT ml.MOIRA_LIST_NAME, ic.instructor_count, ic.total_courses FROM instructor_counts ic JOIN MOIRA_LIST ml ON ic.MOIRA_LIST_KEY = ml.MOIRA_LIST_KEY WHERE ic.instructor_count > 0;","For faculty who are responsible for courses in 2023 fall term, list the name of mailing lists with ten members that they subscribe to, the number of faculty in these lists, and the number of courses associated with those faculty.","Which mailing lists have exactly 10 distinct members, and for each such list, how many distinct faculty members (matched from the list members) are responsible for at least one course in the 2023 fall term, and what is the total number of distinct courses those faculty members are responsible for in that term?","Which mailing lists have exactly 10 distinct members, and for each such list, how many distinct faculty members (matched from the list members) are responsible for at least one course in the 2023 fall term, and what is the total number of distinct courses those faculty members are responsible for in that term?",True,"For faculty who are responsible for courses in 2023 fall term (TERM_CODE = '2023FA'), list the name of mailing lists with **exactly ten distinct members** that they subscribe to (matching MOIRA_LIST_DETAIL.MOIRA_LIST_MEMBER to employee_directory.KRB_NAME **case-insensitively**), the number of **distinct faculty (RESPONSIBLE_FACULTY_MIT_ID)** in these lists, and the **total number of distinct courses (SUBJECT_TITLE) summed across those faculty** for the 2023 fall term, and include only mailing lists where the number of faculty in these lists is greater than 0.",False,"Which mailing lists have exactly 10 distinct members, and for each such list, after matching list members to people case-insensitively by their username, how many distinct faculty members are responsible for at least one course in the 2023 fall term, and what is the sum (across those faculty members) of the number of distinct course titles each faculty member is responsible for in that term?",False,"Can you show me the mailing lists that have 10 members, and for each list tell me how many of those members are faculty who taught a course in Fall 2023 and how many courses they taught in total?",False,"For mailing lists with exactly ten members, for faculty on those lists who are responsible for at least one course in the 2023 fall term, list the mailing list name, how many faculty are in each list, and the total number of distinct courses those faculty are responsible for in that term.",False,"For faculty who are responsible for courses in 2023 fall term, list the name of mailing lists with **exactly ten distinct members** that they subscribe to, the number of faculty in these lists **who are responsible for at least one course in 2023 fall term**, and the **total number of distinct courses (by course title) in 2023 fall term** associated with those faculty.",False
53,"WITH FilteredLists AS ( SELECT ml.MOIRA_LIST_KEY, ml.MOIRA_LIST_NAME, mld.MOIRA_LIST_MEMBER FROM MOIRA_LIST ml JOIN MOIRA_LIST_DETAIL mld ON ml.MOIRA_LIST_KEY = mld.MOIRA_LIST_KEY WHERE ml.MOIRA_LIST_NAME='keeper-zephyr' ) SELECT fl.MOIRA_LIST_NAME, lci.INSTRUCTOR_NAME, MIN(lrc.CATALOG_YEAR) AS Min_Publication_Year, MAX(lrc.CATALOG_YEAR) AS Max_Publication_Year, SUM(lso.NUM_ENROLLED_STUDENTS) AS Total_Enrolled_Students FROM LIBRARY_COURSE_INSTRUCTOR lci JOIN LIBRARY_RESERVE_MATRL_DETAIL lrmd ON lci.LIBRARY_COURSE_INSTRUCTOR_KEY = lrmd.LIBRARY_COURSE_INSTRUCTOR_KEY JOIN LIBRARY_RESERVE_CATALOG lrc ON lrmd.LIBRARY_RESERVE_CATALOG_KEY = lrc.LIBRARY_RESERVE_CATALOG_KEY JOIN LIBRARY_SUBJECT_OFFERED lso ON lrmd.LIBRARY_SUBJECT_OFFERED_KEY = lso.LIBRARY_SUBJECT_OFFERED_KEY JOIN SE_PERSON se ON lci.INSTRUCTOR_NAME = se.FULL_NAME JOIN FilteredLists fl ON UPPER(se.KRB_NAME) = UPPER(fl.MOIRA_LIST_MEMBER) GROUP BY fl.MOIRA_LIST_NAME, lci.INSTRUCTOR_NAME;","For each course instructor in the 'keeper-zephyr' mailing list, provide the name of mailing lists they subscribe to, instructor name, earliest and latest publication years, and total number of enrolled students.","For the **“keeper-zephyr” mailing list**, list **each instructor name** who is a member of that list (matching members case-insensitively), and for each instructor report the **earliest and latest publication years** of their reserve catalog items and the **total number of enrolled students** summed across the related subject offerings.","For the **“keeper-zephyr” mailing list**, list **each instructor name** who is a member of that list (matching members case-insensitively), and for each instructor report the **earliest and latest publication years** of their reserve catalog items and the **total number of enrolled students** summed across the related subject offerings.",True,"For each course instructor in the 'keeper-zephyr' mailing list, provide the name of mailing lists they subscribe to, instructor name, earliest and latest publication years, and total number of enrolled students, **where the mailing list is filtered to MOIRA_LIST.MOIRA_LIST_NAME = 'keeper-zephyr' and the instructor is matched to a mailing list member by joining SE_PERSON to the filtered mailing list on case-insensitive equality of SE_PERSON.KRB_NAME and MOIRA_LIST_DETAIL.MOIRA_LIST_MEMBER (i.e., UPPER(SE_PERSON.KRB_NAME) = UPPER(MOIRA_LIST_DETAIL.MOIRA_LIST_MEMBER)), and compute earliest and latest publication years as MIN and MAX of LIBRARY_RESERVE_CATALOG.CATALOG_YEAR and total enrolled students as SUM of LIBRARY_SUBJECT_OFFERED.NUM_ENROLLED_STUDENTS, grouped by mailing list name and instructor name.**",False,"For the **“keeper-zephyr” mailing list**, list **each instructor name** who is a member of that list (matching members case-insensitively), and for each instructor report the **earliest and latest publication years** of their reserve catalog items and the **total number of enrolled students** summed across the related subject offerings.",True,"For everyone on the “keeper-zephyr” mailing list who is an instructor, can you show their name, the earliest and latest publication year of the course reserve items tied to them, and the total number of students enrolled in those courses?",False,"For each course instructor in the “keeper-zephyr” mailing list, list the mailing list name, the instructor name, the earliest and latest publication years of their reserve catalog items, and the total number of enrolled students across the related subject offerings.",False,"For each course instructor in the 'keeper-zephyr' mailing list, provide the name of mailing lists they subscribe to, instructor name, earliest and latest publication years, and total number of enrolled students, matching instructors to the mailing list members by their Kerberos username (case-insensitive).",False
54,"WITH FilteredLists AS ( SELECT DISTINCT ml.MOIRA_LIST_KEY, ml.MOIRA_LIST_NAME, ml.MOIRA_LIST_DESCRIPTION, mlo.OWNER FROM SE_PERSON se JOIN MOIRA_LIST_DETAIL mld ON UPPER(se.KRB_NAME) = UPPER(mld.MOIRA_LIST_MEMBER) JOIN MOIRA_LIST ml ON mld.MOIRA_LIST_KEY = ml.MOIRA_LIST_KEY JOIN MOIRA_LIST_OWNER mlo ON mld.MOIRA_LIST_OWNER_KEY = mlo.MOIRA_LIST_OWNER_KEY WHERE se.FULL_NAME = 'Hopkins, Ayden' AND UPPER(ml.MOIRA_LIST_NAME) LIKE 'R%' ), MemberCounts AS ( SELECT fl.MOIRA_LIST_KEY, fl.MOIRA_LIST_NAME, fl.MOIRA_LIST_DESCRIPTION, fl.OWNER, COUNT(DISTINCT mld.MOIRA_LIST_MEMBER) AS Member_Count FROM FilteredLists fl JOIN MOIRA_LIST_DETAIL mld ON fl.MOIRA_LIST_KEY = mld.MOIRA_LIST_KEY GROUP BY fl.MOIRA_LIST_KEY, fl.MOIRA_LIST_NAME, fl.MOIRA_LIST_DESCRIPTION, fl.OWNER ), FacultyTenuredCounts AS ( SELECT fl.MOIRA_LIST_KEY, COUNT(DISTINCT mld.MOIRA_LIST_MEMBER) AS Faculty_Tenured_Count FROM FilteredLists fl JOIN MOIRA_LIST_DETAIL mld ON fl.MOIRA_LIST_KEY = mld.MOIRA_LIST_KEY JOIN SE_PERSON se ON UPPER(mld.MOIRA_LIST_MEMBER) = UPPER(se.KRB_NAME) WHERE se.PAYROLL_RANK = 'Faculty Tenured' GROUP BY fl.MOIRA_LIST_KEY ) SELECT DISTINCT mc.MOIRA_LIST_NAME, mc.MOIRA_LIST_DESCRIPTION, mc.OWNER, mc.Member_Count, COALESCE(ftc.Faculty_Tenured_Count, 0) AS Faculty_Tenured_Count FROM MemberCounts mc LEFT JOIN FacultyTenuredCounts ftc ON mc.MOIRA_LIST_KEY = ftc.MOIRA_LIST_KEY ORDER BY mc.Member_Count DESC;","For each mailing list with a name beginning with R (case insensitive), and that Professor Ayden Hopkins is subscribed to, list its name, description, owner, number of people in the list, and number of tenured faculty in the list.","Which mailing lists whose **name starts with “R”** include **Professor Ayden Hopkins**, and for each such list, what are the list **name**, **description**, and **owner**, along with (1) the **total number of distinct people** on the list and (2) the **number of distinct tenured faculty** on the list—sorted by total member count from highest to lowest?","Which mailing lists whose **name starts with “R”** include **Professor Ayden Hopkins**, and for each such list, what are the list **name**, **description**, and **owner**, along with (1) the **total number of distinct people** on the list and (2) the **number of distinct tenured faculty** on the list—sorted by total member count from highest to lowest?",True,"For each mailing list with a name beginning with R (case insensitive), and that Professor Ayden Hopkins is subscribed to, list its name, description, owner, number of people in the list, and number of tenured faculty in the list.",True,"Which mailing lists whose **name starts with “R”** include **Professor Ayden Hopkins**, and for each such list, what are the list **name**, **description**, and **owner**, along with (1) the **total number of distinct people** on the list and (2) the **number of distinct tenured faculty** on the list—sorted by total member count from highest to lowest?",True,"Can you show me the mailing lists that start with “R” and include Professor Ayden Hopkins, and for each list include the description, owner, total number of members, and how many of those members are tenured faculty?",False,"For each mailing list with a name beginning with R (case insensitive) that Professor Ayden Hopkins is subscribed to, list its name, description, owner, the total number of people in the list, and the number of tenured faculty in the list, sorted from the biggest list to the smallest.",False,"For each mailing list with a name beginning with R (case insensitive), and that Professor Ayden Hopkins is subscribed to, list its name, description, owner, number of people in the list, and number of tenured faculty in the list, and sort the results by the number of people in the list from highest to lowest.",False
55,"WITH FilteredList AS ( SELECT MOIRA_LIST_KEY, MOIRA_LIST_NAME FROM MOIRA_LIST WHERE MOIRA_LIST_NAME = 'date-destiny' ), FilteredListDetails AS ( SELECT mld.MOIRA_LIST_KEY, mld.MOIRA_LIST_MEMBER FROM MOIRA_LIST_DETAIL mld JOIN FilteredList fl ON mld.MOIRA_LIST_KEY = fl.MOIRA_LIST_KEY ) SELECT ml.MOIRA_LIST_NAME, COUNT(CASE WHEN UPPER(ad.SIS_ADMIN_DEPARTMENT_NAME) = 'MANAGEMENT' THEN 1 ELSE NULL END) AS MANAGEMENT_STUDENT_COUNT, ROUND( COUNT(CASE WHEN UPPER(ad.SIS_ADMIN_DEPARTMENT_NAME) = 'MANAGEMENT' THEN 1 ELSE NULL END) * 100.0 / COUNT(fld.MOIRA_LIST_MEMBER), 2 ) AS MANAGEMENT_STUDENT_PERCENTAGE FROM MIT_STUDENT_DIRECTORY msd JOIN SE_PERSON se ON msd.FULL_NAME = se.FULL_NAME JOIN FilteredListDetails fld ON UPPER(se.KRB_NAME) = UPPER(fld.MOIRA_LIST_MEMBER) JOIN FilteredList ml ON fld.MOIRA_LIST_KEY = ml.MOIRA_LIST_KEY LEFT JOIN SIS_ADMIN_DEPARTMENT ad ON msd.DEPARTMENT = ad.SIS_ADMIN_DEPARTMENT_CODE GROUP BY ml.MOIRA_LIST_NAME;","For the email list with name 'date-destiny', list the name of the list, department name, the number of students from the Management department, and the percentage of students who are from the Management department, rounded to two decimal places.","For the mailing list named **“date-destiny”**, what is the **number of students whose department name is “Management”** and what **percentage of all students on that list** they represent (percentage rounded to 2 decimal places)?","For the mailing list named **“date-destiny”**, what is the **number of students whose department name is “Management”** and what **percentage of all students on that list** they represent (percentage rounded to 2 decimal places)?",True,"For the email list with name 'date-destiny', list the name of the list, **the number of students from the Management department (where UPPER(department name) = 'MANAGEMENT')**, and the percentage of students who are from the Management department, rounded to two decimal places, **computed as (Management student count * 100.0 / total number of students in the list), and group the results by the list name**.",False,"For the mailing list named **“date-destiny”**, what is the **number of students whose department name is “Management”** and what **percentage of all students on that list** they represent (percentage rounded to 2 decimal places)?",True,"For the “date-destiny” mailing list, how many of the students are in the Management department, and what percent of the list does that represent?",False,"For the email list with name “date-destiny”, list the name of the list, the number of students from the Management department, and the percentage of all students on that list who are from the Management department, rounded to two decimal places.",False,"For the email list with name 'date-destiny', list the name of the list, the number of students from the Management department, and the percentage of students who are from the Management department, rounded to two decimal places.",False
56,"WITH FilteredMoiraLists AS ( SELECT MOIRA_LIST_KEY, MOIRA_LIST_NAME FROM MOIRA_LIST WHERE MOIRA_LIST_NAME LIKE 'a%' ), FilteredMoiraListDetails AS ( SELECT mld.MOIRA_LIST_MEMBER, mld.MOIRA_LIST_KEY FROM MOIRA_LIST_DETAIL mld JOIN FilteredMoiraLists fml ON mld.MOIRA_LIST_KEY = fml.MOIRA_LIST_KEY ), FloorsWithLevels AS ( SELECT fb.BUILDING_NAME, MAX(ff.LEVEL_ID) OVER (PARTITION BY ff.BUILDING_KEY) AS MAX_LEVEL, MIN(ff.LEVEL_ID) OVER (PARTITION BY ff.BUILDING_KEY) AS MIN_LEVEL FROM FAC_BUILDING fb JOIN FAC_ROOMS fr ON fb.FAC_BUILDING_KEY = fr.BUILDING_KEY JOIN FAC_FLOOR ff ON fr.FLOOR_KEY = ff.FLOOR_KEY ), FloorsPerBuilding AS ( SELECT BUILDING_NAME, MAX_LEVEL - MIN_LEVEL + 1 AS NUM_FLOORS FROM FloorsWithLevels GROUP BY BUILDING_NAME, MAX_LEVEL, MIN_LEVEL ), MaxFloors AS ( SELECT MAX(NUM_FLOORS) AS MAX_FLOORS FROM FloorsPerBuilding ), BuildingWithMostFloors AS ( SELECT a.BUILDING_NAME FROM FloorsPerBuilding a JOIN MaxFloors b ON a.NUM_FLOORS = b.MAX_FLOORS ), EmployeesInTallestBuildings AS ( SELECT DISTINCT UPPER(e.KRB_NAME) AS KRB_NAME, fb.building_name FROM BuildingWithMostFloors b JOIN FAC_BUILDING fb ON b.BUILDING_NAME = fb.BUILDING_NAME JOIN FAC_ROOMS fr ON fb.FAC_BUILDING_KEY = fr.BUILDING_KEY JOIN EMPLOYEE_DIRECTORY e ON e.OFFICE_LOCATION = fr.FAC_ROOM_KEY WHERE upper(e.KRB_NAME) LIKE 'C%' ) SELECT DISTINCT etb.BUILDING_NAME, fml.MOIRA_LIST_NAME FROM EmployeesInTallestBuildings etb JOIN FilteredMoiraListDetails fmld ON UPPER(etb.KRB_NAME) = UPPER(fmld.MOIRA_LIST_MEMBER) JOIN FilteredMoiraLists fml ON fmld.MOIRA_LIST_KEY = fml.MOIRA_LIST_KEY;","For the building with the most floors, list the building name and the names of the mailing lists staring with a (case insensitive) that the building employees with kerberos starting with c (case insensitive) subscribe to.","Which building name(s) correspond to the building(s) with the greatest number of floors (calculated as the highest floor level minus the lowest floor level plus 1), and for those building(s), list the distinct names of the mailing lists that start with “a” that include as members any employee whose kerberos starts with “C” and whose office is located in that building?","Which building name(s) correspond to the building(s) with the greatest number of floors (where the number of floors is computed per building as the maximum floor level minus the minimum floor level plus 1, based on rooms in that building), and for those building(s), list the distinct names of the mailing lists whose names start with “a” that include as members any employee (case-insensitive match) whose kerberos (converted to uppercase) starts with “C” and whose office is located in that building?",False,"For the building with the most floors (where the number of floors is calculated as max floor level minus min floor level plus 1, and if there are ties include all such buildings), list the building name and the names of the mailing lists staring with a (case insensitive) that the building employees with kerberos starting with c (case insensitive) subscribe to.",False,"Which building name(s) correspond to the building(s) with the greatest number of floors (where the number of floors is computed per building as the maximum floor level minus the minimum floor level plus 1, considering only floors that have at least one room in that building), and for those building(s), list the distinct names of the mailing lists whose names start with “a” that include as members any employee (case-insensitive match) whose kerberos (converted to uppercase) starts with “C” and whose office is located in that building?",False,"For the building(s) with the most floors, which “a…” mailing lists include employees whose Kerberos ID starts with “C” and who have an office in that building?",False,"For the building (or buildings) with the most floors, list the building name and the names of the mailing lists starting with “a” (case-insensitive) that employees in that building with kerberos starting with “c” (case-insensitive) are on.",False,"For the building with the most floors, list the building name and the names of the mailing lists staring with a (case insensitive) that the building employees with kerberos starting with c (case insensitive) subscribe to, only counting floors based on the highest and lowest floor level numbers in each building, and include all buildings tied for the most floors.",False
57,"SELECT DISTINCT ml.MOIRA_LIST_NAME, COUNT(ccso.SUBJECT_ID) AS course_count, COUNT(DISTINCT ccso.RESPONSIBLE_FACULTY_NAME) AS distinct_faculty_count FROM COURSE_CATALOG_SUBJECT_OFFERED CCSO JOIN EMPLOYEE_DIRECTORY E ON ccso.RESPONSIBLE_FACULTY_MIT_ID = E.MIT_ID JOIN MOIRA_LIST_DETAIL mld ON upper(e.KRB_NAME_UPPERCASE) = upper(mld.MOIRA_LIST_MEMBER) JOIN MOIRA_LIST ml ON mld.MOIRA_LIST_KEY = ml.MOIRA_LIST_KEY WHERE ccso.RESPONSIBLE_FACULTY_NAME LIKE 'Y%' GROUP BY ML.MOIRA_LIST_NAME","For the email lists subscribed by faculty members with last names begin with Y, list the names of the lists, the total number of subjects managed by faculty in those mailing lists, and the number of such faculty in the lists.","For each mailing list name, how many subjects are offered in total and how many distinct faculty last names are responsible for those subjects, considering only subjects whose responsible faculty last name starts with “Y” and where the responsible faculty member belongs to that mailing list?","For each mailing list name, among subjects whose responsible faculty last name starts with “Y”, and counting only subjects where the responsible faculty member is a member of that mailing list, what is the total number of subjects offered and the number of distinct responsible faculty last names?",False,"For the email lists subscribed by faculty members with last names begin with **'Y' (i.e., RESPONSIBLE_FACULTY_NAME LIKE 'Y%')**, list the names of the lists, the total number of subjects managed by faculty in those mailing lists **(COUNT of SUBJECT_ID)**, and the number of such faculty in the lists **(COUNT of DISTINCT RESPONSIBLE_FACULTY_NAME)**.",False,"For each mailing list name, how many subjects are offered in total and how many distinct faculty last names are responsible for those subjects, considering only subjects whose responsible faculty last name starts with “Y” and where the responsible faculty member belongs to that mailing list?",True,"For each mailing list, how many courses are taught by faculty whose last name starts with “Y,” and how many different “Y” faculty members are on that list?",False,"For each email list that faculty members with last names starting with Y are on, list the list name, the total number of subjects managed by faculty who are members of that list, and how many different such faculty are in the list.",False,"For the email lists subscribed by faculty members with last names begin with Y, list **each list name only once**, the total number of subjects managed by faculty in those mailing lists, and the number of **distinct** such faculty in the lists.",False
58,"WITH FilteredMoiraLists AS ( SELECT MOIRA_LIST_KEY, MOIRA_LIST_NAME FROM MOIRA_LIST WHERE MOIRA_LIST_NAME = 'beacon-date-date' ), FilteredMoiraListDetails AS ( SELECT mld.MOIRA_LIST_MEMBER, mld.MOIRA_LIST_KEY FROM MOIRA_LIST_DETAIL mld JOIN FilteredMoiraLists fml ON mld.MOIRA_LIST_KEY = fml.MOIRA_LIST_KEY ), MailingListSizes AS ( SELECT fml.MOIRA_LIST_KEY, fml.MOIRA_LIST_NAME, COUNT(fmld.MOIRA_LIST_MEMBER) AS List_Size FROM FilteredMoiraLists fml JOIN FilteredMoiraListDetails fmld ON fml.MOIRA_LIST_KEY = fmld.MOIRA_LIST_KEY GROUP BY fml.MOIRA_LIST_KEY, fml.MOIRA_LIST_NAME ) SELECT msd.FULL_NAME AS Student_Name, sad.DEPARTMENT_PHONE_NUMBER, MLS.List_Size AS List_Size FROM MIT_STUDENT_DIRECTORY msd JOIN SIS_DEPARTMENT sd ON msd.DEPARTMENT = sd.DEPARTMENT_CODE JOIN SIS_ADMIN_DEPARTMENT sad ON sd.DEPARTMENT_CODE = sad.SIS_ADMIN_DEPARTMENT_CODE JOIN SE_PERSON se ON msd.FULL_NAME = se.FULL_NAME JOIN FilteredMoiraListDetails fmld ON UPPER(se.KRB_NAME) = UPPER(fmld.MOIRA_LIST_MEMBER) JOIN FilteredMoiraLists fml ON fmld.MOIRA_LIST_KEY = fml.MOIRA_LIST_KEY JOIN MailingListSizes MLS ON fml.MOIRA_LIST_KEY = MLS.MOIRA_LIST_KEY WHERE msd.LAST_NAME LIKE 'H%';","For students with last names starting with H who are subscribed to mailing list 'beacon-date-date', list the names of the students, the phone numbers of departments they belong to, and the size of the mailing list 'beacon-date-date' that they are subscribed to.","For the mailing list **“beacon-date-date”**, list each student whose **last name starts with “H”** and who is a member of that mailing list, showing the student’s **name**, their **department phone number**, and the **total size of the “beacon-date-date” mailing list** (number of members).","For the mailing list **“beacon-date-date”**, list each student whose **last name starts with “H”** and who is a member of that mailing list, showing the student’s **name**, their **department phone number**, and the **total size of the “beacon-date-date” mailing list** (number of members).",True,"For students with last names starting with H who are subscribed to mailing list 'beacon-date-date', list the names of the students, the phone numbers of departments they belong to, and the size of the mailing list 'beacon-date-date' that they are subscribed to.",True,"For the mailing list **“beacon-date-date”**, list each student whose **last name starts with “H”** and who is a member of that mailing list, showing the student’s **name**, their **department phone number**, and the **total size of the “beacon-date-date” mailing list** (number of members).",True,"Can you show me the students on the “beacon-date-date” mailing list whose last name starts with H, along with their name, their department’s phone number, and how many people are on that mailing list?",False,"For students with last names starting with H who are subscribed to mailing list 'beacon-date-date', list the names of the students, the phone numbers of departments they belong to, and the size of the mailing list 'beacon-date-date' that they are subscribed to.",True,,True
59,"WITH DistinctLists AS ( SELECT ml.MOIRA_LIST_NAME, COUNT(DISTINCT se.MIT_ID) AS Member_Count FROM MOIRA_LIST ml JOIN MOIRA_LIST_DETAIL mld ON ml.MOIRA_LIST_KEY = mld.MOIRA_LIST_KEY JOIN SE_PERSON se ON UPPER(mld.MOIRA_LIST_MEMBER) = UPPER(se.KRB_NAME) WHERE UPPER(ml.MOIRA_LIST_NAME) LIKE 'B%' AND se.ORGANIZATION = 'Electrical Engineering-Computer Science' GROUP BY ml.MOIRA_LIST_NAME ), Moira_List_With_Most_Members AS ( SELECT MOIRA_LIST_NAME, Member_Count FROM DistinctLists WHERE Member_Count = (SELECT MAX(Member_Count) FROM DistinctLists) ) SELECT COUNT(DISTINCT dl.MOIRA_LIST_NAME) AS Moira_Lists_Start_With_B, (SELECT MOIRA_LIST_NAME FROM Moira_List_With_Most_Members LIMIT 1) AS Moira_List_With_Most_Members, (SELECT Member_Count FROM Moira_List_With_Most_Members LIMIT 1) AS Most_Number_Of_Members FROM DistinctLists dl;","Give the count of mailing lists with names starting with B that include members from the Electrical Engineering and Computer Science department, along with the name of the list starting with B that have the highest number of members from that department and the corresponding member count.","Among all mailing lists whose names start with “B”, considering only members in the Electrical Engineering and Computer Science department, how many distinct such mailing lists are there, and which one has the highest number of distinct members (and what is that member count)?","Among all mailing lists whose names start with “B”, considering only members in the Electrical Engineering and Computer Science department, how many distinct such mailing lists are there, and which one has the highest number of distinct members (and what is that member count)?",True,"Give the count of mailing lists with names starting with B (case-insensitive) that include members from the Electrical Engineering and Computer Science department (where `SE_PERSON.ORGANIZATION = 'Electrical Engineering-Computer Science'`), along with the name of the list starting with B that have the highest number of **distinct** members (by `SE_PERSON.MIT_ID`) from that department and the corresponding **distinct** member count, matching members by `UPPER(MOIRA_LIST_DETAIL.MOIRA_LIST_MEMBER) = UPPER(SE_PERSON.KRB_NAME)`, and if there is a tie for highest member count, return any one of the tied list names and its member count.",False,"Among all mailing lists whose names start with “B”, considering only members in the Electrical Engineering and Computer Science department, how many distinct such mailing lists are there, and which one has the highest number of distinct members (and what is that member count)?",True,"For mailing lists that start with “B”, and only counting people in the Electrical Engineering and Computer Science department, how many of those lists are there—and which list has the most members and how many members does it have?",False,"Among all mailing lists with names starting with B, considering only members in the Electrical Engineering and Computer Science department, give the count of those mailing lists, along with the name of the list starting with B that has the highest number of distinct members from that department and the corresponding member count.",False,"Give the count of mailing lists with names starting with B that include members from the Electrical Engineering and Computer Science department, along with the name of the list starting with B that have the highest number of **distinct** members from that department and the corresponding **distinct** member count, and if there’s a tie for the highest, just return any one of the tied list names and its count.",False
60,"WITH FilteredList AS ( SELECT MOIRA_LIST_KEY, MOIRA_LIST_NAME FROM MOIRA_LIST WHERE MOIRA_LIST_NAME = 'kangaroo-inspire-yearn' ), FilteredListDetails AS ( SELECT mld.MOIRA_LIST_KEY, mld.MOIRA_LIST_MEMBER FROM MOIRA_LIST_DETAIL mld JOIN FilteredList fl ON mld.MOIRA_LIST_KEY = fl.MOIRA_LIST_KEY ), DepartmentCounts AS ( SELECT ad.SIS_ADMIN_DEPARTMENT_NAME AS department_name, COUNT(DISTINCT fld.MOIRA_LIST_MEMBER) AS department_student_count FROM MIT_STUDENT_DIRECTORY msd JOIN SE_PERSON se ON msd.FULL_NAME = se.FULL_NAME JOIN FilteredListDetails fld ON UPPER(se.KRB_NAME) = UPPER(fld.MOIRA_LIST_MEMBER) LEFT JOIN SIS_ADMIN_DEPARTMENT ad ON msd.DEPARTMENT = ad.SIS_ADMIN_DEPARTMENT_CODE GROUP BY ad.SIS_ADMIN_DEPARTMENT_NAME ), TotalStudents AS ( SELECT COUNT(DISTINCT fld.MOIRA_LIST_MEMBER) AS total_students FROM FilteredListDetails fld ) SELECT dc.department_name, dc.department_student_count, ROUND( dc.department_student_count * 100.0 / ts.total_students, 2 ) AS department_student_percentage FROM DepartmentCounts dc, TotalStudents ts;","For the 'kangaroo-inspire-yearn' email list, for each department present in the list, list the department name, the number of students in that department, and its percentage relative to the students in the mailing list.","For the **“kangaroo-inspire-yearn” email list**, how many **distinct students** are in each **department name**, and what **percentage of the list’s total distinct students** does each department represent (rounded to 2 decimal places)?","For the **“kangaroo-inspire-yearn” email list**, how many **distinct students** are in each **department name**, and what **percentage of the list’s total distinct students** does each department represent (rounded to 2 decimal places)?",True,"For the 'kangaroo-inspire-yearn' email list, **where MOIRA_LIST.MOIRA_LIST_NAME = 'kangaroo-inspire-yearn'**, for each department present in the list, list the department name, the number of students in that department **(COUNT(DISTINCT MOIRA_LIST_DETAIL.MOIRA_LIST_MEMBER) grouped by SIS_ADMIN_DEPARTMENT.SIS_ADMIN_DEPARTMENT_NAME, joining MIT_STUDENT_DIRECTORY to SE_PERSON on FULL_NAME and joining to MOIRA_LIST_DETAIL by matching UPPER(SE_PERSON.KRB_NAME) = UPPER(MOIRA_LIST_DETAIL.MOIRA_LIST_MEMBER), and LEFT JOINing SIS_ADMIN_DEPARTMENT on MIT_STUDENT_DIRECTORY.DEPARTMENT = SIS_ADMIN_DEPARTMENT.SIS_ADMIN_DEPARTMENT_CODE)**, and its percentage relative to the students in the mailing list **(ROUND(department_student_count * 100.0 / total_students, 2) where total_students is COUNT(DISTINCT MOIRA_LIST_DETAIL.MOIRA_LIST_MEMBER) over the filtered list)**.",False,"For the **“kangaroo-inspire-yearn” email list**, how many **distinct students** are in each **department name**, and what **percentage of the list’s total distinct students** does each department represent (rounded to 2 decimal places)?",True,"For the “kangaroo-inspire-yearn” email list, can you show me how many students are in each department and what percent of the list each department makes up?",False,"For the 'kangaroo-inspire-yearn' email list, for each department present in the list, list the department name, the number of students in that department, and its percentage relative to the students in the mailing list.",True,,True
61,"WITH MailingListStats AS ( SELECT ml.MOIRA_LIST_NAME, COUNT(DISTINCT mld.MOIRA_LIST_MEMBER) AS Total_Members FROM MOIRA_LIST ml JOIN MOIRA_LIST_DETAIL mld ON ml.MOIRA_LIST_KEY = mld.MOIRA_LIST_KEY JOIN EMPLOYEE_DIRECTORY ed ON mld.MOIRA_LIST_MEMBER = ed.KRB_NAME WHERE ed.OFFICE_LOCATION LIKE '24%' GROUP BY ml.MOIRA_LIST_NAME ), Largest AS ( SELECT MOIRA_LIST_NAME, Total_Members, RANK() OVER (ORDER BY Total_Members DESC) AS Size_Rank FROM MailingListStats ) SELECT MAX(CASE WHEN Size_Rank = 1 THEN MOIRA_LIST_NAME END) AS Largest_Mailing_List, MAX(CASE WHEN Size_Rank = 1 THEN Total_Members END) AS Member_Count FROM Largest;","Among the mailing lists subscribed by people with physical offices in building 24, provide the name of the most subscribed mailing list and the total number of subscribers.","Which mailing list has the highest number of distinct subscribers who work in physical offices in building 24 (office location starts with “24”), and what is that subscriber count?","Which mailing list has the highest number of distinct subscribers who work in physical offices in building 24 (office location starts with “24”), and what is that subscriber count?",True,"Among the mailing lists subscribed by people with physical offices in building 24 (i.e., EMPLOYEE_DIRECTORY.OFFICE_LOCATION LIKE '24%'), provide the name of the most subscribed mailing list and the total number of subscribers, where the total number of subscribers is COUNT(DISTINCT MOIRA_LIST_DETAIL.MOIRA_LIST_MEMBER) per MOIRA_LIST.MOIRA_LIST_NAME, and return only the single largest mailing list (breaking ties by returning just one).",False,"Which mailing list has the highest number of distinct subscribers who work in physical offices in building 24 (office location starts with “24”), and what is that subscriber count?",True,"Which mailing list has the most subscribers who work in Building 24, and how many subscribers is that?",False,"Among the mailing lists subscribed to by people with physical offices in building 24 (where the office location starts with “24”), what’s the name of the most subscribed mailing list and the total number of subscribers?",False,"Among the mailing lists subscribed by people with physical offices in building 24, provide the name of the most subscribed mailing list and the total number of **distinct** subscribers.",False
62,"SELECT ml.MOIRA_LIST_NAME, SUM(CASE WHEN se.EMPLOYEE_TYPE = 'Support Staff' THEN 1 ELSE 0 END) AS SUPPORT_COUNT, SUM(CASE WHEN se.EMPLOYEE_TYPE = 'Faculty' THEN 1 ELSE 0 END) AS FACULTY_COUNT, ml.IS_ACTIVE FROM MOIRA_LIST ml JOIN MOIRA_LIST_DETAIL mld ON ml.MOIRA_LIST_KEY = mld.MOIRA_LIST_KEY JOIN SE_PERSON se ON upper(mld.MOIRA_LIST_MEMBER) = upper(se.KRB_NAME) WHERE se.EMPLOYEE_TYPE IN ('Support Staff', 'Faculty') GROUP BY ml.MOIRA_LIST_NAME, ml.IS_ACTIVE;","For email lists subscribed by either support staff or faculty, list its name, the number of subscribers that are support staff, the number of subscribers that are faculty, as well as its active status.","For each mailing list, what is the number of subscribers who are support staff and the number who are faculty (counting only subscribers who are either support staff or faculty), and what is the list’s active status?","For each mailing list, what is the number of subscribers who are support staff and the number who are faculty (counting only subscribers who are either support staff or faculty), and what is the list’s active status?",True,"For email lists subscribed by either support staff or faculty, list its name, the number of subscribers that are support staff, the number of subscribers that are faculty, as well as its active status, **counting subscribers by matching MOIRA_LIST_DETAIL.MOIRA_LIST_MEMBER to SE_PERSON.KRB_NAME case-insensitively (using UPPER on both)**.",False,"For each mailing list, what is the number of subscribers who are support staff and the number who are faculty (counting only subscribers who are either support staff or faculty), and what is the list’s active status?",True,"For each mailing list, how many subscribers are support staff and how many are faculty, and is the list currently active?",False,"For email lists subscribed by either support staff or faculty, list its name, the number of subscribers that are support staff, the number of subscribers that are faculty, as well as its active status.",True,,True
63,"WITH FilteredList AS ( SELECT MOIRA_LIST_KEY, MOIRA_LIST_NAME FROM MOIRA_LIST WHERE MOIRA_LIST_NAME = 'ocean-apple' ), FilteredListDetails AS ( SELECT mld.MOIRA_LIST_KEY, mld.MOIRA_LIST_MEMBER FROM MOIRA_LIST_DETAIL mld JOIN FilteredList fl ON mld.MOIRA_LIST_KEY = fl.MOIRA_LIST_KEY ), StudentMemberCounts AS ( SELECT fl.MOIRA_LIST_KEY, fl.MOIRA_LIST_NAME, ad.DEPARTMENT_PHONE_NUMBER AS department_phone, ad.SIS_ADMIN_DEPARTMENT_NAME AS department_name, COUNT(DISTINCT msd.FULL_NAME) AS student_members FROM FilteredList fl JOIN FilteredListDetails fld ON fl.MOIRA_LIST_KEY = fld.MOIRA_LIST_KEY JOIN SE_PERSON se ON UPPER(fld.MOIRA_LIST_MEMBER) = UPPER(se.KRB_NAME) JOIN MIT_STUDENT_DIRECTORY msd ON se.FULL_NAME = msd.FULL_NAME LEFT JOIN SIS_ADMIN_DEPARTMENT ad ON msd.DEPARTMENT = ad.SIS_ADMIN_DEPARTMENT_CODE GROUP BY fl.MOIRA_LIST_KEY, fl.MOIRA_LIST_NAME, ad.DEPARTMENT_PHONE_NUMBER, ad.SIS_ADMIN_DEPARTMENT_NAME ), RankedDepartments AS ( SELECT department_name, department_phone, SUM(student_members) AS total_student_members, RANK() OVER (ORDER BY SUM(student_members) DESC) AS department_rank FROM StudentMemberCounts GROUP BY department_name, department_phone ) SELECT department_name AS most_prominent_dpt, department_phone AS most_prominent_dpt_phone, total_student_members FROM RankedDepartments WHERE department_rank = 1;","For the 'ocean-apple' mailing list, identify the department with the highest student count. Provide the department name, phone number, and the total number of students subscribed to the mailing list from that department. If multiple departments have the same highest count, list each one separately.","Which department (including its phone number) has the highest total number of distinct students who are members of the **“ocean-apple” mailing list**, counting students by matching mailing-list members to people case-insensitively and then to student records, and returning the department(s) tied for the top rank along with that total student count?","Which department (including its phone number) has the highest total number of distinct students who are members of the **“ocean-apple” mailing list**, counting students by matching mailing-list members to people case-insensitively and then to student records, and returning the department(s) tied for the top rank along with that total student count?",True,"For the 'ocean-apple' mailing list, identify the department with the highest student count. Provide the department name, phone number, and the total number of students subscribed to the mailing list from that department. If multiple departments have the same highest count, list each one separately.",True,"Which department (including its phone number) has the highest total number of distinct students who are members of the **“ocean-apple” mailing list**, counting students by matching mailing-list members to people case-insensitively and then to student records, and returning the department(s) tied for the top rank along with that total student count?",True,"Which department has the most students on the “ocean-apple” mailing list, and what’s that department’s phone number and student count?",False,"For the “ocean-apple” mailing list, identify the department with the highest count of unique students on the list (matching list members to people even if the username capitalization differs). Provide the department name, phone number, and the total number of students from that department subscribed to the mailing list. If multiple departments have the same highest count, list each one separately.",False,,True
64,"WITH MemberVisibility AS ( SELECT mo.OWNER, mo.OWNER_TYPE, ml.MOIRA_LIST_NAME, CASE WHEN ml.IS_PUBLIC = 'Y' THEN 'Public Members' WHEN ml.IS_PUBLIC = 'N' THEN 'Hidden Members' ELSE NULL END AS member_visibility, COUNT(DISTINCT mld.MOIRA_LIST_MEMBER) AS total_members FROM MOIRA_LIST_DETAIL mld JOIN MOIRA_LIST ml ON mld.MOIRA_LIST_KEY = ml.MOIRA_LIST_KEY JOIN MOIRA_LIST_OWNER mo ON mld.MOIRA_LIST_OWNER_KEY = mo.MOIRA_LIST_OWNER_KEY WHERE ml.IS_MOIRA_GROUP = 'Y' AND upper(ml.MOIRA_LIST_NAME) LIKE 'B%' GROUP BY mo.OWNER, mo.OWNER_TYPE, ml.MOIRA_LIST_NAME, ml.IS_PUBLIC ), RollupResults AS ( SELECT MOIRA_LIST_NAME, member_visibility, SUM(total_members) AS total_members FROM MemberVisibility GROUP BY MOIRA_LIST_NAME, member_visibility WITH ROLLUP HAVING SUM(total_members) > 0 ) SELECT rr.MOIRA_LIST_NAME, mv.OWNER, mv.OWNER_TYPE, rr.member_visibility, rr.total_members FROM RollupResults rr LEFT JOIN (SELECT DISTINCT MOIRA_LIST_NAME, OWNER, OWNER_TYPE FROM MemberVisibility) mv ON rr.MOIRA_LIST_NAME = mv.MOIRA_LIST_NAME ORDER BY rr.MOIRA_LIST_NAME, rr.member_visibility;","For each mailing list, list its owner, owner type, the member visibility ('Public Members' if public, and 'Hidden Members' otherwise), and the number of members of this type of visibility. For each owner and owner type, include a grand total for all members in the format of (owner, owner type, null, total members).","For each Moira group whose name starts with “B” (case-insensitive), what is the total number of distinct members, broken out by whether the group’s members are publicly visible (“Public Members”) or hidden (“Hidden Members”), including rollup totals per group, and showing the group’s owner and owner type, ordered by group name and then member visibility?","For each Moira group whose name starts with “B” (case-insensitive), and only including groups where the summed distinct member count is greater than 0, what is the total number of distinct members, broken out by whether the group’s members are publicly visible (“Public Members”) or hidden (“Hidden Members”), including rollup totals per group and an overall rollup total across all such groups, and showing the group’s owner and owner type, ordered by group name and then member visibility?",False,"For each mailing list **that is a Moira group (IS_MOIRA_GROUP = 'Y') and whose name starts with 'B' (upper(MOIRA_LIST_NAME) LIKE 'B%')**, list its owner, owner type, the member visibility (**'Public Members' if IS_PUBLIC = 'Y', and 'Hidden Members' if IS_PUBLIC = 'N'**), and the number of **distinct** members of this type of visibility. For each owner and owner type, include a grand total for all members in the format of (owner, owner type, null, total members) **by rolling up totals per mailing list name and member visibility (WITH ROLLUP), keeping only totals where the summed member count is > 0, and ordering by mailing list name then member visibility**.",False,"For each Moira group whose name starts with “B” (case-insensitive), and only counting groups where the summed distinct member count is greater than 0, what is the total number of distinct members, broken out by whether the group’s members are publicly visible (“Public Members”) or hidden (“Hidden Members”), including rollup totals per group, and showing the group’s owner and owner type, ordered by group name and then member visibility?",False,"Can you show me all Moira groups with names starting with “B”, who owns each group (and the owner type), and how many members they have—split into public vs hidden members, plus a total per group?",False,"For each Moira group mailing list whose name starts with “B”, list its owner, owner type, the member visibility (“Public Members” if public, and “Hidden Members” otherwise), and the number of distinct members with that visibility, only keeping lists where the member count is greater than 0. Also include totals per mailing list and an overall total across all these lists.",False,"For each mailing list that is a Moira group and whose name starts with “B” (case-insensitive), list its owner, owner type, the member visibility (“Public Members” if public, and “Hidden Members” if hidden), and the number of distinct members with that visibility. Also include totals per mailing list for each visibility, and a grand total per mailing list across all visibilities, but only include totals where the member count is greater than 0. Sort the results by mailing list name, then by member visibility.",False
65,"WITH EnrollmentWithAnalytics AS ( SELECT sos.SUBJECT_ID, sos.SUBJECT_TITLE, sos.OFFER_DEPT_NAME AS DEPARTMENT, sos.CLUSTER_TYPE, sos.NUM_ENROLLED_STUDENTS, AVG(sos.NUM_ENROLLED_STUDENTS) OVER (PARTITION BY sos.CLUSTER_TYPE) AS avg_enrollment_in_cluster, scd.COURSE_LEVEL FROM SUBJECT_OFFERED_SUMMARY sos LEFT JOIN SIS_COURSE_DESCRIPTION scd ON sos.COURSE_NUMBER = scd.COURSE WHERE sos.OFFER_DEPT_NAME = 'Biology' ), EnrollmentWithTIP AS ( SELECT ewa.SUBJECT_ID, ewa.SUBJECT_TITLE, ewa.DEPARTMENT, ewa.CLUSTER_TYPE, ewa.NUM_ENROLLED_STUDENTS, ewa.avg_enrollment_in_cluster, ewa.COURSE_LEVEL, tm.TITLE AS material_title, tm.NEW_SHELF_PRICE, tm.USED_SHELF_PRICE, td.RECORD_COUNT AS material_record_count FROM EnrollmentWithAnalytics ewa LEFT JOIN TIP_DETAIL td ON ewa.SUBJECT_ID = td.SUBJECT_ID LEFT JOIN TIP_MATERIAL tm ON td.TIP_MATERIAL_KEY = tm.TIP_MATERIAL_KEY ), EnrollmentWithLibrary AS ( SELECT ewt.SUBJECT_ID, ewt.SUBJECT_TITLE, ewt.DEPARTMENT, ewt.CLUSTER_TYPE, ewt.NUM_ENROLLED_STUDENTS, ewt.avg_enrollment_in_cluster, ewt.COURSE_LEVEL, ewt.material_title, ewt.NEW_SHELF_PRICE, ewt.USED_SHELF_PRICE, ewt.material_record_count, lrc.CATALOG_TITLE AS library_title, lrc.CATALOG_AUTHOR_NAME AS library_author, lrc.CATALOG_ISBN AS library_isbn FROM EnrollmentWithTIP ewt LEFT JOIN LIBRARY_RESERVE_CATALOG lrc ON ewt.SUBJECT_ID = lrc.CATALOG_SYSTEM_NUMBER ) SELECT DEPARTMENT, SUBJECT_TITLE, CLUSTER_TYPE, SUM(NUM_ENROLLED_STUDENTS) AS total_enrollment, AVG(avg_enrollment_in_cluster) AS avg_enrollment_in_cluster, COURSE_LEVEL, COUNT(DISTINCT material_title) AS num_unique_materials, AVG(NEW_SHELF_PRICE) AS avg_new_material_price, AVG(USED_SHELF_PRICE) AS avg_used_material_price, SUM(material_record_count) AS total_material_records, COUNT(DISTINCT library_title) AS num_unique_library_titles, COUNT(DISTINCT library_isbn) AS num_unique_library_isbns FROM EnrollmentWithLibrary GROUP BY DEPARTMENT, SUBJECT_TITLE, CLUSTER_TYPE, COURSE_LEVEL ORDER BY DEPARTMENT, SUBJECT_TITLE, CLUSTER_TYPE;","Group biology courses by cluster type and course level. For each group, list the name of the department, the course title, cluster type, total enrollments, average enrollment within its cluster, course level, number of unique course materials, average new and used prices for TIP materials, total material record count for TIP materials, number of unique library titles, and number of unique library ISBNs.","For the Biology department, for each course title and cluster type (and course level), what are the total enrollment, the average enrollment within that cluster type, the number of unique course materials, the average new and used prices of those materials, the total record count for TIP materials, and the number of unique library titles and unique library ISBNs, sorted by department, course title, and cluster type?","For the Biology department, for each course title and cluster type (and course level), what are the total enrollment, the average enrollment within that cluster type, the number of unique course materials, the average new and used prices of those materials, the total record count for TIP materials, and the number of unique library titles and unique library ISBNs, sorted by department, course title, and cluster type?",True,"Group biology courses **(where the name of the department equals 'Biology')** by cluster type and course level **(and also by the course title and the name of the department)**. For each group, list the name of the department, the course title, cluster type, total enrollments, **the average enrollment within its cluster computed as the average enrollment across all Biology courses in the same cluster type (a window average partitioned by cluster type),** course level, number of unique course materials **(count distinct TIP material titles)**, average new and used prices for TIP materials, total material record count for TIP materials, number of unique library titles, and number of unique library ISBNs, **and order the results by the name of the department, course title, and cluster type.**",False,"For the Biology department, for each course title and cluster type (and course level), what are the total enrollment, the average enrollment within that cluster type, the number of unique course materials, the average new and used prices of those materials, the total record count for TIP materials, and the number of unique library titles and unique library ISBNs, sorted by department, course title, and cluster type?",True,"Can you show me a summary of Biology courses by course title, cluster type, and level—including total enrollment, the average enrollment for that cluster, how many different required materials there are and their average new/used prices, the total number of TIP material records, and how many unique library reserve titles and ISBNs are associated with each course?",False,"Group biology courses by cluster type and course level. For each group, list the name of the department, the course title, cluster type, total enrollments, average enrollment within its cluster, course level, number of unique course materials, average new and used prices for TIP materials, total material record count for TIP materials, number of unique library titles, and number of unique library ISBNs.",True,,True
66,"WITH SubjectsByTerm AS ( SELECT cc.SUBJECT_ID, cc.SUBJECT_TITLE, cc.TOTAL_UNITS, cc.DEPARTMENT_NAME, CASE WHEN cc.TERM_CODE LIKE '%FA' THEN 'Fall' WHEN cc.TERM_CODE LIKE '%SP' THEN 'Spring' END AS offered_term, at.TERM_DESCRIPTION AS term_description, sd.SCHOOL_NAME, scd.COURSE_LEVEL, cc.FALL_INSTRUCTORS, cc.SPRING_INSTRUCTORS FROM COURSE_CATALOG_SUBJECT_OFFERED cc JOIN ACADEMIC_TERMS at ON cc.TERM_CODE = at.TERM_CODE LEFT JOIN SIS_DEPARTMENT sd ON cc.DEPARTMENT_CODE = sd.DEPARTMENT_CODE LEFT JOIN SIS_COURSE_DESCRIPTION scd ON cc.SUBJECT_CODE = scd.COURSE WHERE cc.IS_OFFERED_THIS_YEAR = 'Y' AND (cc.TERM_CODE LIKE '%FA' OR cc.TERM_CODE LIKE '%SP') ), SubjectsAggregated AS ( SELECT SUBJECT_ID, SUBJECT_TITLE, DEPARTMENT_NAME, SCHOOL_NAME, COURSE_LEVEL, TOTAL_UNITS, offered_term, term_description, COUNT(DISTINCT FALL_INSTRUCTORS) AS num_fall_instructors, COUNT(DISTINCT SPRING_INSTRUCTORS) AS num_spring_instructors FROM SubjectsByTerm GROUP BY SUBJECT_ID, SUBJECT_TITLE, DEPARTMENT_NAME, SCHOOL_NAME, COURSE_LEVEL, TOTAL_UNITS, offered_term, term_description ) SELECT DEPARTMENT_NAME, SCHOOL_NAME, SUBJECT_ID, SUBJECT_TITLE, COURSE_LEVEL, TOTAL_UNITS, offered_term, term_description, num_fall_instructors, num_spring_instructors FROM SubjectsAggregated ORDER BY DEPARTMENT_NAME, SUBJECT_ID, SUBJECT_TITLE, offered_term;","For subjects offered this year in either the Fall or Spring term, list its department name, school name, subject ID, subject title, course level, total units, the term it is offered ('Spring' for Spring term and 'Fall' for Fall term), term description, the number of distinct instructors teaching in the Fall, and the number of distinct instructors teaching in the Spring.","For all subjects offered this year in either the Fall or Spring term, list each subject (by department name, school name, subject ID, subject title, course level, and total units) along with the offered term (Fall or Spring) and term description, and show the number of distinct Fall instructors and the number of distinct Spring instructors for that subject-term; order the results by department name, then subject ID, then subject title, then offered term.","For all subjects offered this year in either the Fall or Spring term, list each subject (by department name, school name, subject ID, subject title, course level, and total units) along with the offered term (Fall or Spring) and term description, and show the number of distinct Fall instructors and the number of distinct Spring instructors for that subject-term; order the results by department name, then subject ID, then subject title, then offered term.",True,"For subjects offered this year in either the Fall or Spring term **(i.e., where the term code ends with 'FA' or 'SP')**, list its department name, school name, subject ID, subject title, course level, total units, the term it is offered ('Spring' for Spring term and 'Fall' for Fall term), term description, the number of distinct instructors teaching in the Fall, and the number of distinct instructors teaching in the Spring, **grouped by subject ID, subject title, department name, school name, course level, total units, offered term, and term description, and ordered by department name, subject ID, subject title, and offered term**.",False,"For all subjects offered this year in either the Fall or Spring term, list each subject (by department name, school name, subject ID, subject title, course level, and total units) along with the offered term (Fall or Spring) and term description, and show the number of distinct Fall instructors and the number of distinct Spring instructors for that subject-term; order the results by department name, then subject ID, then subject title, then offered term.",True,"Can you show me all subjects being offered this year in Fall or Spring, including the department and school, subject ID and title, course level, units, the term name/description, and how many instructors are teaching it in Fall and in Spring?",False,"For subjects offered this year in either the Fall or Spring term, list its department name, school name, subject ID, subject title, course level, total units, the term it is offered (“Spring” for Spring term and “Fall” for Fall term), term description, the number of distinct instructors teaching in the Fall, and the number of distinct instructors teaching in the Spring, and sort the results by department name, then subject ID, then subject title, then the offered term.",False,,True
67,"WITH HASSAttributes AS (SELECT cc.HASS_ATTRIBUTE, cc.HASS_ATTRIBUTE_DESC, cc.SUBJECT_ID, cc.TOTAL_UNITS, sos.NUM_ENROLLED_STUDENTS, sd.DEPARTMENT_NAME, sd.IS_DEGREE_GRANTING, sc.SUBJECT_CODE_DESC FROM CIS_COURSE_CATALOG cc JOIN SIS_SUBJECT_CODE sc ON cc.SUBJECT_CODE = sc.SUBJECT_CODE JOIN SUBJECT_OFFERED_SUMMARY sos ON cc.SUBJECT_ID = sos.SUBJECT_ID LEFT JOIN SIS_DEPARTMENT sd ON sc.DEPARTMENT_CODE = sd.DEPARTMENT_CODE WHERE cc.HASS_ATTRIBUTE IS NOT NULL AND sd.DEPARTMENT_NAME = 'Political Science') SELECT HASS_ATTRIBUTE, HASS_ATTRIBUTE_DESC, COUNT(DISTINCT SUBJECT_ID) AS num_subjects, AVG(TOTAL_UNITS) AS avg_units, SUM(NUM_ENROLLED_STUDENTS) AS total_enrollment, COUNT(DISTINCT CASE WHEN IS_DEGREE_GRANTING = 'Y' THEN DEPARTMENT_NAME END) AS num_degree_granting, SUBJECT_CODE_DESC FROM HASSAttributes GROUP BY HASS_ATTRIBUTE, HASS_ATTRIBUTE_DESC, SUBJECT_CODE_DESC ORDER BY HASS_ATTRIBUTE, HASS_ATTRIBUTE_DESC, SUBJECT_CODE_DESC;","For Political Science courses with HASS attributes, for each attribute, list the name and description of the attribute, the number of unique subjects, average units, the total enrollment, the number of departments that grant degrees, and the subject code description.","For the Political Science department, for each HASS attribute (name and description) and subject code description where a HASS attribute is present, how many distinct subjects are there, what is the average number of units, what is the total student enrollment, and how many distinct degree-granting departments are represented—sorted by HASS attribute name, HASS attribute description, and subject code description?","For the Political Science department, for each HASS attribute (name and description) and subject code description where a HASS attribute is present, how many distinct subjects are there, what is the average number of units, what is the total student enrollment, and how many distinct degree-granting departments are represented—sorted by HASS attribute name, HASS attribute description, and subject code description?",True,"For Political Science courses with HASS attributes **(where the HASS attribute is not null)**, for each attribute, list the name and description of the attribute, the number of unique subjects, average units, the total enrollment, the number of departments that grant degrees **(counting distinct department names where IS_DEGREE_GRANTING = 'Y')**, and the subject code description, **grouped by attribute name, attribute description, and subject code description, and ordered by attribute name, attribute description, and subject code description**.",False,"For the Political Science department, for each HASS attribute (name and description) and subject code description where a HASS attribute is present, how many distinct subjects are there, what is the average number of units, what is the total student enrollment, and how many distinct degree-granting departments are represented—sorted by HASS attribute name, HASS attribute description, and subject code description?",True,"For Political Science, can you break down the courses by HASS attribute and subject code description and show how many courses there are, the average units, total enrollment, and how many of those are from degree‑granting departments?",False,"For the Political Science department’s courses that have HASS attributes, for each attribute (name and description) and subject code description, list the number of unique subjects, average units, total enrollment, and the number of degree-granting departments represented.",False,"For Political Science courses with HASS attributes, for each attribute and subject code description, list the name and description of the attribute, the number of unique subjects, average units, the total enrollment, the number of departments that grant degrees, and the subject code description, and sort the results by attribute name, then attribute description, then subject code description.",False
68,"WITH ClusterSummary AS (SELECT sos.CLUSTER_TYPE, sos.OFFER_DEPT_NAME AS DEPARTMENT, sd.SCHOOL_NAME, COUNT(DISTINCT sos.SUBJECT_ID) AS num_subjects, SUM(sos.NUM_ENROLLED_STUDENTS) AS total_enrollment, AVG(sos.NUM_ENROLLED_STUDENTS) AS avg_enrollment, sd.IS_DEGREE_GRANTING AS degree_granting_status FROM SUBJECT_OFFERED_SUMMARY sos LEFT JOIN SIS_COURSE_DESCRIPTION scd ON sos.COURSE_NUMBER = scd.COURSE LEFT JOIN SIS_DEPARTMENT sd ON sos.OFFER_DEPT_CODE = sd.DEPARTMENT_CODE WHERE sos.CLUSTER_TYPE IS NOT NULL AND sos.NUM_ENROLLED_STUDENTS > 0 AND sd.SCHOOL_NAME IS NOT NULL GROUP BY sos.CLUSTER_TYPE, sos.OFFER_DEPT_NAME, sd.SCHOOL_NAME, sd.IS_DEGREE_GRANTING) SELECT CLUSTER_TYPE, DEPARTMENT, SCHOOL_NAME, degree_granting_status, num_subjects, total_enrollment, avg_enrollment FROM ClusterSummary ORDER BY CLUSTER_TYPE, DEPARTMENT, SCHOOL_NAME;","Group subjects by cluster type, department offering the subject, and the school name. For each group, list the cluster type, name of the department, school name, whether the department grants degrees, total number of subjects, total enrollment, and average enrollment. Exclude clusters or schools with no student data.","For each **cluster type**, **department name**, and **school name** (including whether the department grants degrees), where the **cluster type is known**, the **school name is known**, and **enrollment is greater than 0**, what are the **number of distinct subjects offered**, the **total enrollment**, and the **average enrollment**—sorted by **cluster type**, then **department name**, then **school name**?","For each **cluster type**, **department name**, and **school name** (including whether the department grants degrees), where the **cluster type is known**, the **school name is known**, and **enrollment is greater than 0**, what are the **number of distinct subjects offered**, the **total enrollment**, and the **average enrollment**—sorted by **cluster type**, then **department name**, then **school name**?",True,"Group subjects by cluster type, department offering the subject, and the school name. For each group, list the cluster type, name of the department, school name, whether the department grants degrees, total number of **distinct** subjects, total enrollment, and average enrollment. Exclude **rows where cluster type is NULL**, exclude **subjects with enrollment <= 0**, and exclude **rows where school name is NULL**. **Order the results by cluster type, then department, then school name.**",False,"For each **cluster type**, **department name**, and **school name** (including whether the department grants degrees), where the **cluster type is known**, the **school name is known**, and **enrollment is greater than 0**, what are the **number of distinct subjects offered**, the **total enrollment**, and the **average enrollment**—sorted by **cluster type**, then **department name**, then **school name**?",True,"Can you show me, by cluster type and department (with the school and whether the department is degree‑granting), how many subjects are being offered and what the total and average student enrollment is for subjects that have at least one enrolled student?",False,"Group subjects by cluster type, department offering the subject, and the school name. For each group, list the cluster type, name of the department, school name, whether the department grants degrees, total number of subjects, total enrollment, and average enrollment. Only include cases where the cluster type and school name are known and enrollment is greater than 0, and exclude clusters or schools with no student data.",False,"Group subjects by cluster type, department offering the subject, and the school name. For each group, list the cluster type, name of the department, school name, whether the department grants degrees, total number of **distinct** subjects, total enrollment, and average enrollment. Exclude clusters or schools with no student data, **only include rows where the cluster type is present, the school name is present, and enrollment is greater than 0**, and **sort the results by cluster type, then department name, then school name**.",False
69,"SELECT ba.BUILDING_NAME, ba.course_level, ba.unique_courses, ba.total_instructors FROM (SELECT b.BUILDING_NAME, CASE WHEN scd.COURSE_LEVEL = 'G' THEN 'Graduate' WHEN scd.COURSE_LEVEL = 'U' THEN 'Undergraduate' ELSE 'Other' END AS course_level, COUNT(DISTINCT s.SUBJECT_ID) AS unique_courses, SUM(COUNT(DISTINCT s.RESPONSIBLE_FACULTY_NAME)) OVER (PARTITION BY b.BUILDING_NAME) AS total_instructors FROM FAC_BUILDING b JOIN SUBJECT_OFFERED s ON b.FAC_BUILDING_KEY = s.MEET_PLACE JOIN SIS_COURSE_DESCRIPTION scd ON s.COURSE_NUMBER = scd.COURSE JOIN FAC_BUILDING_ADDRESS ba ON b.FAC_BUILDING_KEY = ba.BUILDING_KEY WHERE b.SITE = 'MIT' GROUP BY b.BUILDING_NAME, scd.COURSE_LEVEL) ba ORDER BY ba.unique_courses DESC, ba.BUILDING_NAME;","Group classes that take place in buildings at MIT by the building name and course level. For each group, provide the name of the building, the course level ('Graduate' or 'Undergraduate'), the total number of unique courses of such level, and total instructors for these courses. Include subtotals for each building and course level and a grand total across all buildings and course levels.","For buildings at MIT, list each building and course level (Graduate, Undergraduate, or Other), showing (1) the number of distinct courses held in that building for that course level and (2) the total number of distinct instructors teaching in that building across all course levels; sort the results by the distinct course count (descending) and then by building name.","For buildings at MIT, list each building and course level (Graduate, Undergraduate, or Other), showing (1) the number of distinct courses held in that building for that course level and (2) the total number of distinct instructors teaching in that building across all course levels; sort the results by the distinct course count (descending) and then by building name.",True,"Group classes that take place in buildings at MIT **(where FAC_BUILDING.SITE = 'MIT')** by the building name and course level **(using SIS_COURSE_DESCRIPTION.COURSE_LEVEL mapped as: 'G' → 'Graduate', 'U' → 'Undergraduate', else 'Other')**. For each group, provide the name of the building, the course level ('Graduate' or 'Undergraduate' **or 'Other'**), the total number of unique courses of such level **(COUNT(DISTINCT SUBJECT_OFFERED_SUMMARY.SUBJECT_ID))**, and total instructors for these courses **defined as the sum, over each building, of COUNT(DISTINCT SUBJECT_OFFERED_SUMMARY.RESPONSIBLE_FACULTY_NAME) computed per course level (i.e., SUM(COUNT(DISTINCT instructor)) OVER (PARTITION BY building_name)) so the total instructors value is the same for all course levels within a building**. **Order the results by the number of unique courses descending, then by building name ascending. Do not include subtotals or a grand total row.**",False,"For buildings at MIT, list each building and course level (Graduate, Undergraduate, or Other), showing (1) the number of distinct courses held in that building for that course level and (2) the total number of distinct instructors teaching in that building across all course levels; sort the results by the distinct course count (descending) and then by building name.",True,"For MIT buildings, can you show me how many different courses are held in each building, broken out by graduate vs undergraduate (and other), and also how many unique instructors teach in each building overall?",False,"Group classes that take place in buildings at MIT by the building name and course level (Graduate, Undergraduate, or Other). For each group, provide the name of the building, the course level, the total number of unique courses of that level, and the total number of unique instructors teaching in that building across all course levels. Sort the results by the number of unique courses (highest first) and then by building name.",False,"Group classes that take place in buildings at MIT by the building name and course level. For each group, provide the name of the building, the course level ('Graduate' or 'Undergraduate' or 'Other'), the total number of unique courses of such level, and the total number of unique instructors for these courses, where the instructor total is the same for all course levels within the same building. Sort the results by the number of unique courses from highest to lowest, and if there’s a tie, sort by building name.",False
70,"WITH MeetingPlaceDetails AS ( SELECT c.MEET_PLACE AS room_number, c.MEET_TIME, c.TERM_CODE, c.SUBJECT_ID, c.TOTAL_UNITS, b.BUILDING_NAME, b.BUILDING_NUMBER, ba.CITY AS building_city, ba.STATE AS building_state, fr.AREA, fr.ORGANIZATION_NAME, fmu.MAJOR_USE, scd.COURSE_LEVEL AS course_level, scd.COURSE_DESCRIPTION AS course_description FROM COURSE_CATALOG_SUBJECT_OFFERED c JOIN FAC_ROOMS fr ON c.MEET_PLACE = fr.FAC_ROOM_KEY JOIN FAC_BUILDING b ON fr.BUILDING_KEY = b.FAC_BUILDING_KEY JOIN FAC_MAJOR_USE fmu ON fr.MAJOR_USE_KEY = fmu.MAJOR_USE_KEY LEFT JOIN FAC_BUILDING_ADDRESS ba ON b.FAC_BUILDING_KEY = ba.BUILDING_KEY LEFT JOIN SIS_COURSE_DESCRIPTION scd ON c.SUBJECT_ID = scd.COURSE WHERE c.MEET_PLACE IS NOT NULL AND c.MEET_TIME IS NOT NULL ), MeetingPlaceAggregates AS ( SELECT room_number, BUILDING_NAME, BUILDING_NUMBER, building_city, building_state, AREA, ORGANIZATION_NAME, MAJOR_USE, TERM_CODE, course_level, COUNT(DISTINCT SUBJECT_ID) AS num_subjects, COUNT(DISTINCT MEET_TIME) AS unique_meet_times, SUM(TOTAL_UNITS) AS total_units FROM MeetingPlaceDetails GROUP BY room_number, BUILDING_NAME, BUILDING_NUMBER, building_city, building_state, AREA, ORGANIZATION_NAME, MAJOR_USE, TERM_CODE, course_level ) SELECT room_number, BUILDING_NAME, BUILDING_NUMBER, building_city, building_state, AREA, ORGANIZATION_NAME, MAJOR_USE, TERM_CODE, course_level, num_subjects, unique_meet_times, total_units FROM MeetingPlaceAggregates ORDER BY TERM_CODE, total_units DESC, room_number;","For each course, provide the room number of course location, building name, building number, building city, building state, area, organization name, room usage, term code, course level, the total number of subjects, unique meeting times, and total units. Do not include meet place or meet times with NULL values.","For each room number that has both a room number and meeting times recorded, and for each combination of term code, course level, and the room’s building details (building name and number, city and state), room attributes (area, organization name, and room usage), how many distinct subjects meet there, how many distinct meeting times occur there, and what is the total number of units scheduled there—sorted by term code, then by total units descending, then by room number?","For each room number that has both a room number and meeting times recorded, and for each combination of term code, course level, and the room’s building details (building name and number, city and state), room attributes (area, organization name, and room usage), how many distinct subjects meet there, how many distinct meeting times occur there, and what is the total number of units scheduled there—sorted by term code, then by total units descending, then by room number?",True,"For each **room number** of course location **(grouped by room number, building name, building number, building city, building state, area, organization name, room usage, term code, and course level)**, provide the room number of course location, building name, building number, building city, building state, area, organization name, room usage, term code, course level, the total number of subjects **(count distinct subjects)**, unique meeting times **(count distinct meeting times)**, and total units **(sum of units)**. Do not include meet place or meet times with NULL values. **Order the results by term code ascending, then total units descending, then room number ascending.**",False,"For each room number that has both a room number and meeting times recorded, and for each combination of term code, course level, and the room’s building details (building name and number, city and state), room attributes (area, organization name, and room usage), how many distinct subjects meet there, how many distinct meeting times occur there, and what is the total number of units scheduled there—sorted by term code, then by total units descending, then by room number?",True,"Can you show me, by term and room, how many different courses are scheduled in each room, how many different meeting times there are, and the total units being taught there—along with the building and room details (building name/number, city/state, area, organization, and room usage)?",False,"For each room number that has both a room number and meeting times recorded, provide the room number of the course location, building name, building number, building city, building state, area, organization name, room usage, term code, course level, the total number of subjects, unique meeting times, and total units. Do not include meet place or meet times with NULL values.",False,"For each room number of course location, provide the building name, building number, building city, building state, area, organization name, room usage, term code, course level, the total number of distinct subjects, distinct meeting times, and total units, grouped by room number, building name, building number, building city, building state, area, organization name, room usage, term code, and course level. Do not include meet place or meet times with NULL values. Sort the results by term code, then by total units from highest to lowest, then by room number.",False
71,"WITH MaterialUsage AS ( SELECT lms.LIBRARY_MATERIAL_STATUS, sc.DEPARTMENT_NAME AS department, COUNT(DISTINCT lrc.LIBRARY_RESERVE_CATALOG_KEY) AS num_catalog_items, SUM(lso.NUM_ENROLLED_STUDENTS) AS total_students FROM LIBRARY_RESERVE_MATRL_DETAIL lrd JOIN LIBRARY_MATERIAL_STATUS lms ON lrd.LIBRARY_MATERIAL_STATUS_KEY = lms.LIBRARY_MATERIAL_STATUS_KEY JOIN LIBRARY_RESERVE_CATALOG lrc ON lrd.LIBRARY_RESERVE_CATALOG_KEY = lrc.LIBRARY_RESERVE_CATALOG_KEY JOIN LIBRARY_SUBJECT_OFFERED lso ON lrd.LIBRARY_SUBJECT_OFFERED_KEY = lso.LIBRARY_SUBJECT_OFFERED_KEY LEFT JOIN SIS_SUBJECT_CODE sc ON lso.COURSE_NUMBER = sc.COURSE_NUMBER WHERE lrc.CATALOG_YEAR >= 2000 GROUP BY lms.LIBRARY_MATERIAL_STATUS, sc.DEPARTMENT_NAME ), MaterialSubtotals AS ( SELECT LIBRARY_MATERIAL_STATUS, NULL AS department, SUM(num_catalog_items) AS total_catalog_items, SUM(total_students) AS total_students FROM MaterialUsage GROUP BY LIBRARY_MATERIAL_STATUS ), MaterialGrandTotal AS ( SELECT 'Grand Total' AS LIBRARY_MATERIAL_STATUS, NULL AS department, SUM(num_catalog_items) AS total_catalog_items, SUM(total_students) AS total_students FROM MaterialUsage ), MaterialCombined AS ( SELECT LIBRARY_MATERIAL_STATUS, department, num_catalog_items, total_students FROM MaterialUsage UNION ALL SELECT LIBRARY_MATERIAL_STATUS, department, total_catalog_items, total_students FROM MaterialSubtotals UNION ALL SELECT LIBRARY_MATERIAL_STATUS, department, total_catalog_items, total_students FROM MaterialGrandTotal ) SELECT COALESCE(LIBRARY_MATERIAL_STATUS, 'Subtotal') AS library_material_status, department, num_catalog_items, total_students FROM MaterialCombined ORDER BY CASE WHEN LIBRARY_MATERIAL_STATUS = 'Grand Total' THEN 1 WHEN department IS NULL THEN 2 ELSE 0 END, LIBRARY_MATERIAL_STATUS, department;","Consider only books cataloged on or after 2000. For each library material status and department, list the material status, department name, number of associated catalog items, and the total number of enrolled students in courses using those materials. Include subtotals for each material status and a grand total across all status (the corresponding status field is 'Grand Total').","For all catalog items cataloged on or after 2000, for each material status and department name, how many distinct catalog items are there and what is the total number of enrolled students associated with them—also include a subtotal row per material status (across all departments) and a single grand total row across all material statuses, and sort results with department-level rows first, then material-status subtotals, and the grand total last.","For all catalog items cataloged on or after 2000, for each material status and department name, how many distinct catalog items are there and what is the total number of enrolled students associated with them—also include a subtotal row per material status (across all departments) and a single grand total row across all material statuses, and sort results with department-level rows first, then material-status subtotals, and the grand total last.",True,"Consider only books cataloged on or after 2000. For each library material status and department, list the material status, department name, number of associated catalog items **(counting DISTINCT catalog items)**, and the total number of enrolled students in courses using those materials. Include subtotals for each material status **(with the department field set to NULL)** and a grand total across all status (the corresponding status field is 'Grand Total' **and the department field is NULL**). **Order the results so that within each material status, the per-department rows come first, then the subtotal row for that material status, and put the 'Grand Total' row last.**",False,"For all catalog items cataloged on or after 2000, for each material status and department name, how many distinct catalog items are there and what is the total number of enrolled students associated with them—also include a subtotal row per material status (across all departments) and a single grand total row across all material statuses, and sort results with department-level rows first, then material-status subtotals, and the grand total last.",True,"Can you show me, for library reserve items cataloged since 2000, how many items we have and how many students are enrolled, broken down by material status and department—with totals for each material status and an overall total?",False,"Consider only books cataloged on or after 2000. For each library material status and department, list the material status, department name, number of associated catalog items, and the total number of enrolled students in courses using those materials. Include subtotals for each material status and a grand total across all status (the corresponding status field is 'Grand Total').",True,"Consider only books cataloged on or after 2000. For each library material status and department, list the material status, department name, number of associated catalog items (counting each catalog item only once), and the total number of enrolled students in courses using those materials. Include subtotals for each material status and a grand total across all status (the corresponding status field is 'Grand Total'). Also, show the results with the regular status-and-department rows first, then the subtotal rows for each status, and put the grand total row last.",False
72,"WITH DepartmentLibraryUsage AS ( SELECT lci.DEPARTMENT, lci.COURSE_NAME, COUNT(DISTINCT lrc.LIBRARY_RESERVE_CATALOG_KEY) AS num_catalog_items, SUM(lso.NUM_ENROLLED_STUDENTS) AS total_students FROM LIBRARY_RESERVE_MATRL_DETAIL lrd JOIN LIBRARY_COURSE_INSTRUCTOR lci ON lrd.LIBRARY_COURSE_INSTRUCTOR_KEY = lci.LIBRARY_COURSE_INSTRUCTOR_KEY JOIN LIBRARY_RESERVE_CATALOG lrc ON lrd.LIBRARY_RESERVE_CATALOG_KEY = lrc.LIBRARY_RESERVE_CATALOG_KEY JOIN LIBRARY_SUBJECT_OFFERED lso ON lrd.LIBRARY_SUBJECT_OFFERED_KEY = lso.LIBRARY_SUBJECT_OFFERED_KEY WHERE lso.NUM_ENROLLED_STUDENTS > 0 GROUP BY lci.DEPARTMENT, lci.COURSE_NAME ), DepartmentAggregates AS ( SELECT DEPARTMENT, COUNT(DISTINCT COURSE_NAME) AS total_courses, SUM(num_catalog_items) AS total_catalog_items, AVG(total_students) AS avg_students_per_course FROM DepartmentLibraryUsage GROUP BY DEPARTMENT ), GrandTotal AS ( SELECT 'Grand Total' AS DEPARTMENT, SUM(total_courses) AS total_courses, SUM(total_catalog_items) AS total_catalog_items, AVG(avg_students_per_course) AS avg_students_per_course FROM DepartmentAggregates ) SELECT * FROM ( SELECT * FROM GrandTotal UNION ALL SELECT * FROM DepartmentAggregates ) CombinedResults ORDER BY CASE WHEN DEPARTMENT = 'Grand Total' THEN 0 ELSE 1 END, DEPARTMENT;","For each department in the library system, list the name of the department, total number of courses using library materials, the number of catalog items associated with those courses, and the average enrollment per course. Include a grand total across all departments (the corresponding department field should be 'Grand Total').","For each name of the department, considering only courses with enrollment greater than 0, how many distinct courses are there, what is the total number of distinct catalog items across those courses, and what is the average enrollment per course (based on total enrollment summed per course); and also include a “Grand Total” row that sums the course counts and catalog item totals across all departments and averages the departments’ average enrollment per course, with the Grand Total listed first and the remaining departments sorted alphabetically?","For each name of the department, considering only courses with enrollment greater than 0, how many distinct courses are there, what is the total number of distinct catalog items across those courses, and what is the average enrollment per course (based on total enrollment summed per course); and also include a “Grand Total” row that sums the course counts and catalog item totals across all departments and averages the departments’ average enrollment per course, with the Grand Total listed first and the remaining departments sorted alphabetically?",True,"For each department in the library system, list the name of the department, total number of **distinct** courses using library materials, the number of **distinct** catalog items associated with those courses, and the average enrollment per course, **considering only courses/subject offerings where enrollment is greater than 0**. Include a grand total across all departments (the corresponding department field should be 'Grand Total'), **where the grand total average enrollment per course is computed as the average of the per-department average enrollment per course**, and **order the results with 'Grand Total' first and then by department name**.",False,"For each name of the department, considering only courses with enrollment greater than 0, how many distinct courses are there, what is the total number of distinct catalog items across those courses, and what is the average enrollment per course (based on total enrollment summed per course); and also include a “Grand Total” row that sums the course counts and catalog item totals across all departments and averages the departments’ average enrollment per course, with the Grand Total listed first and the remaining departments sorted alphabetically?",True,"Can you show a summary by department of how many courses have at least one enrolled student, how many library reserve catalog items are used for those courses, and the average enrollment per course—plus an overall total across all departments?",False,"For each department in the library system, looking only at courses that have at least one student enrolled, list the name of the department, the total number of courses using library materials, the number of catalog items associated with those courses, and the average enrollment per course. Include a grand total across all departments (the corresponding department field should be ""Grand Total"").",False,"For each department in the library system, list the name of the department, total number of courses using library materials, the number of **unique** catalog items associated with those courses, and the average enrollment per course, **only counting courses where enrollment is greater than 0**. Include a grand total across all departments (the corresponding department field should be 'Grand Total'), and **show that grand total first, then list the remaining departments in alphabetical order**.",False
73,"WITH MaterialCostDetails AS ( SELECT tso.OFFER_DEPT_NAME AS department_name, tso.SUBJECT_TITLE, tm.TITLE AS material_title, tm.NEW_SHELF_PRICE, tm.USED_SHELF_PRICE, tms.TIP_MATERIAL_STATUS AS material_status, tms.TIP_MATERIAL_STATUS_CODE AS material_status_code, td.RECORD_COUNT AS material_record_count, ts.SCHOOL_NAME AS school_name FROM TIP_DETAIL td JOIN TIP_MATERIAL tm ON td.TIP_MATERIAL_KEY = tm.TIP_MATERIAL_KEY JOIN TIP_SUBJECT_OFFERED tso ON td.TIP_SUBJECT_OFFERED_KEY = tso.TIP_SUBJECT_OFFERED_KEY JOIN TIP_MATERIAL_STATUS tms ON td.TIP_MATERIAL_STATUS_KEY = tms.TIP_MATERIAL_STATUS_KEY JOIN SIS_DEPARTMENT ts ON tso.OFFER_DEPT_CODE = ts.DEPARTMENT_CODE WHERE tso.IS_NO_COURSE_MATERIAL = 'N' ), MaterialCostAggregates AS ( SELECT department_name, school_name, COUNT(DISTINCT material_title) AS num_unique_materials, COUNT(DISTINCT SUBJECT_TITLE) AS num_courses, AVG(NEW_SHELF_PRICE) AS avg_new_price, AVG(USED_SHELF_PRICE) AS avg_used_price, SUM(material_record_count) AS total_material_records, COUNT(DISTINCT material_status) AS num_material_statuses FROM MaterialCostDetails GROUP BY department_name, school_name ), GrandTotal AS ( SELECT NULL AS department_name, NULL AS school_name, COUNT(DISTINCT material_title) AS num_unique_materials, COUNT(DISTINCT SUBJECT_TITLE) AS num_courses, AVG(NEW_SHELF_PRICE) AS avg_new_price, AVG(USED_SHELF_PRICE) AS avg_used_price, SUM(material_record_count) AS total_material_records, COUNT(DISTINCT material_status) AS num_material_statuses FROM MaterialCostDetails ) SELECT department_name, school_name, num_unique_materials, num_courses, avg_new_price, avg_used_price, total_material_records, num_material_statuses FROM MaterialCostAggregates UNION ALL SELECT department_name, school_name, num_unique_materials, num_courses, avg_new_price, avg_used_price, total_material_records, num_material_statuses FROM GrandTotal ORDER BY school_name, department_name;","For each department and school offering courses with materials, list the department name, school name, number of unique course materials, number of courses, average new and used shelf prices of materials, total material records, and number of distinct material statuses. Include a grand total across all schools and departments (the corresponding school and department fields should be null).","For all courses that **do have course materials**, show (1) a summary **by school name and department name** and (2) an overall grand total, including: the **number of unique course materials**, the **number of courses**, the **average new price**, the **average used price**, the **total material records**, and the **number of distinct material statuses**; order the results by **school name** then **department name**.","For all courses that **do have course materials**, show (1) a summary **by school name and department name** and (2) an overall grand total, including: the **number of unique course materials**, the **number of courses**, the **average new price**, the **average used price**, the **total material records**, and the **number of distinct material statuses**; order the results by **school name** then **department name**.",True,"For each department and school offering courses with materials, list the department name, school name, number of unique course materials, number of courses, average new and used shelf prices of materials, total material records, and number of distinct material statuses. Include a grand total across all schools and departments (the corresponding school and department fields should be null).",True,"For all courses that **do have course materials**, show (1) a summary **by school name and department name** and (2) an overall grand total, including: the **number of unique course materials**, the **number of courses**, the **average new price**, the **average used price**, the **total material records**, and the **number of distinct material statuses**; order the results by **school name** then **department name**.",True,"Can you show me, for each school and department, a summary of courses that have required materials—how many different materials there are, how many courses, the average new and used prices, the total number of material records, and how many different material statuses—and also include an overall total for all schools/departments?",False,"For each department and school offering courses with materials, list the department name, school name, number of unique course materials, number of courses, average new and used shelf prices of materials, total material records, and number of distinct material statuses. Include a grand total across all schools and departments (the corresponding school and department fields should be null), and sort the results by school name and then department name.",False,,True
74,"SELECT COALESCE(material_status, 'Grand Total') AS material_status, num_materials, total_record_count, total_enrollment FROM (SELECT CASE WHEN material_status IS NULL THEN 'No material status' ELSE material_status END AS material_status, COUNT(DISTINCT material_title) AS num_materials, SUM(RECORD_COUNT) AS total_record_count, SUM(NUM_ENROLLED_STUDENTS) AS total_enrollment FROM (SELECT tms.TIP_MATERIAL_STATUS AS material_status, tm.TITLE AS material_title, td.RECORD_COUNT, tso.NUM_ENROLLED_STUDENTS FROM TIP_DETAIL td JOIN TIP_MATERIAL_STATUS tms ON td.TIP_MATERIAL_STATUS_KEY = tms.TIP_MATERIAL_STATUS_KEY JOIN TIP_MATERIAL tm ON td.TIP_MATERIAL_KEY = tm.TIP_MATERIAL_KEY JOIN TIP_SUBJECT_OFFERED tso ON td.TIP_SUBJECT_OFFERED_KEY = tso.TIP_SUBJECT_OFFERED_KEY WHERE td.RECORD_COUNT > 0) MaterialStatusDetails GROUP BY material_status WITH ROLLUP) MaterialStatusAggregates ORDER BY CASE WHEN material_status = 'Grand Total' THEN 1 ELSE 0 END, total_record_count DESC, material_status;","For each TIP material status, list the total number of unique materials associated with the status, the total number of records associated with the status, and the total student enrollment associated with the status. Any material status with null values should be displayed as 'No material status'. Additionally, include a grand total across all material status (the material status for this row should be displayed as 'Grand Total').","For each TIP material status (treat missing status as “No material status”), how many distinct materials are there, what is the total number of records (only counting rows where records > 0), and what is the total student enrollment—also include a grand total row across all statuses, and sort the results with the grand total last, then by total records descending, then by material status?","For each TIP material status (treat missing status as “No material status”), how many distinct materials are there, what is the total number of records (only counting rows where records > 0), and what is the total student enrollment—also include a grand total row across all statuses, and sort the results with the grand total last, then by total records descending, then by material status?",True,"For each TIP material status, list the total number of unique materials associated with the status, the total number of records associated with the status, and the total student enrollment associated with the status, **considering only rows where the record count is greater than 0**. Any material status with null values should be displayed as 'No material status'. Additionally, include a grand total across all material status (the material status for this row should be displayed as 'Grand Total'), **and order the results with the 'Grand Total' row last, then by total number of records descending, then by material status**.",False,"For each TIP material status (treat missing status as “No material status”), how many distinct materials are there, what is the total number of records (only counting rows where records > 0), and what is the total student enrollment—also include a grand total row across all statuses, and sort the results with the grand total last, then by total records descending, then by material status?",True,"Can you show me a summary by TIP material status of how many different materials we have, the total number of records (only where the record count is greater than zero), and the total student enrollment—please include a grand total at the end?",False,"For each TIP material status, list the total number of unique materials associated with the status, the total number of records associated with the status (only counting entries where the record count is greater than 0), and the total student enrollment associated with the status. Any material status with null values should be displayed as 'No material status'. Additionally, include a grand total across all material status (the material status for this row should be displayed as 'Grand Total').",False,"For each TIP material status, list the total number of unique materials associated with the status, the total number of records associated with the status, and the total student enrollment associated with the status, **but only counting entries where the number of records is greater than 0**. Any material status with null values should be displayed as 'No material status'. Additionally, include a grand total across all material status (the material status for this row should be displayed as 'Grand Total'). **Show the results with the grand total row last; otherwise sort by total number of records from highest to lowest, and if there’s still a tie, sort by the material status name.**",False
75,"SELECT Building_Name, FLOOR, Room, OWNERSHIP_TYPE, Organization_Name, FORMAT(Total_Rooms, 0) AS Total_Rooms, FORMAT(Total_Area, 0) AS Total_Area, Percent_Of_Total FROM (SELECT 0 AS SortOrder, NULL AS Building_Name, NULL AS FLOOR, NULL AS Room, NULL AS OWNERSHIP_TYPE, NULL AS Organization_Name, SUM(Total_Rooms) AS Total_Rooms, SUM(Total_Area) AS Total_Area, 100 AS Percent_Of_Total FROM (SELECT b.BUILDING_NAME_LONG AS Building_Name, f.FLOOR, r.BUILDING_ROOM AS Room, COUNT(r.FCLT_ROOM_KEY) AS Total_Rooms, SUM(r.AREA) AS Total_Area, b.OWNERSHIP_TYPE, o.ORGANIZATION_NAME AS Organization_Name, (SELECT SUM(r2.AREA) FROM FCLT_ROOMS r2 JOIN FCLT_FLOOR f2 ON r2.FCLT_FLOOR_KEY = f2.FCLT_FLOOR_KEY WHERE f2.FCLT_BUILDING_KEY = f.FCLT_BUILDING_KEY) AS Building_Total_Area, (SELECT SUM(r3.AREA) FROM FCLT_ROOMS r3) AS Overall_Total_Area FROM FCLT_FLOOR f LEFT JOIN FCLT_ROOMS r ON f.FCLT_FLOOR_KEY = r.FCLT_FLOOR_KEY LEFT JOIN FCLT_BUILDING b ON f.FCLT_BUILDING_KEY = b.FCLT_BUILDING_KEY LEFT JOIN FCLT_ORGANIZATION o ON r.FCLT_ORGANIZATION_KEY = o.FCLT_ORGANIZATION_KEY GROUP BY b.BUILDING_NAME_LONG, f.FLOOR, r.BUILDING_ROOM, b.OWNERSHIP_TYPE, o.ORGANIZATION_NAME, f.FCLT_BUILDING_KEY) AS FloorStats WHERE Building_Name IS NOT NULL UNION ALL SELECT 1 AS SortOrder, Building_Name, FLOOR, Room, OWNERSHIP_TYPE, Organization_Name, Total_Rooms, Total_Area, CASE WHEN FLOOR IS NOT NULL AND Building_Total_Area > 0 THEN ROUND(Total_Area * 100.0 / Building_Total_Area, 2) WHEN FLOOR IS NULL AND Building_Name IS NOT NULL AND Overall_Total_Area > 0 THEN ROUND(Total_Area * 100.0 / Overall_Total_Area, 2) ELSE NULL END AS Percent_Of_Total FROM (SELECT b.BUILDING_NAME_LONG AS Building_Name, f.FLOOR, r.BUILDING_ROOM AS Room, COUNT(r.FCLT_ROOM_KEY) AS Total_Rooms, SUM(r.AREA) AS Total_Area, b.OWNERSHIP_TYPE, o.ORGANIZATION_NAME AS Organization_Name, (SELECT SUM(r2.AREA) FROM FCLT_ROOMS r2 JOIN FCLT_FLOOR f2 ON r2.FCLT_FLOOR_KEY = f2.FCLT_FLOOR_KEY WHERE f2.FCLT_BUILDING_KEY = f.FCLT_BUILDING_KEY) AS Building_Total_Area, (SELECT SUM(r3.AREA) FROM FCLT_ROOMS r3) AS Overall_Total_Area FROM FCLT_FLOOR f LEFT JOIN FCLT_ROOMS r ON f.FCLT_FLOOR_KEY = r.FCLT_FLOOR_KEY LEFT JOIN FCLT_BUILDING b ON f.FCLT_BUILDING_KEY = b.FCLT_BUILDING_KEY LEFT JOIN FCLT_ORGANIZATION o ON r.FCLT_ORGANIZATION_KEY = o.FCLT_ORGANIZATION_KEY GROUP BY b.BUILDING_NAME_LONG, f.FLOOR, r.BUILDING_ROOM, b.OWNERSHIP_TYPE, o.ORGANIZATION_NAME, f.FCLT_BUILDING_KEY WITH ROLLUP) AS RollupWithPercentages WHERE Building_Name IS NOT NULL) AS AllData ORDER BY SortOrder, Building_Name, FLOOR, Room;","For each room, list its associated building name, floor number, room number, ownership type, organization name, number of rooms, area, and percentage of area relative to the building. Include subtotals across floors, subtotals across all floors for each building, and a grand total across all buildings. For the subtotal for each building and the grand total, the percentage of area should be relative to area of all buildings. All numeric values should be rounded to integers and formatted using commas as thousands separators except the relative percentages which should be rounded to two decimal places.","For each building (including its ownership type), floor number, room number, and organization name, what are the total number of rooms and total area, and what percentage of the total area does that total represent (as a percent of the building’s total area for floor/room-level rows, and as a percent of the overall total area for building subtotal rows), including an overall grand total row (100%), with results ordered by building name, then floor number, then room number?","For each building (including its ownership type), floor number, room number, and organization name, return the total number of rooms (as a count of rooms) and the total area (as a sum of room areas), and also compute the percentage of total area where (1) for detailed floor/room rows the percent is the row’s total area divided by that building’s total area, (2) for building subtotal rows (where floor and room are rolled up) the percent is the subtotal area divided by the overall total area across all rooms, and (3) include a single grand total row with 100% and blank building/floor/room/ownership/organization fields; include both the detailed rows and the rollup subtotal rows, exclude any rows where the building name is missing, format the total rooms and total area as whole numbers with no decimals, and order the output with the grand total first, then by building name, then floor number, then room number.",False,"For each room, list its associated building name, floor number, room number, ownership type, organization name, number of rooms, area, and percentage of area relative to the building. Include subtotals across floors, subtotals across all floors for each building, and a grand total across all buildings, **using a rollup so that the output includes (1) detail rows by building + floor + room + ownership type + organization name, (2) a subtotal row per building + floor, (3) a subtotal row per building (all floors), and (4) a grand total row**. For the subtotal for each building and the grand total, the percentage of area should be relative to area of all buildings. **For the floor-level subtotal rows, the percentage should be relative to the total area of that building.** All numeric values should be rounded to integers and formatted using commas as thousands separators except the relative percentages which should be rounded to two decimal places. **Exclude any rows where the building name is NULL, and order the results with the grand total first, then by building name, then floor number, then room number.**",False,"The results should include: (1) an overall grand total row with blank building, floor, room, ownership type, and organization fields showing the summed total number of rooms and summed total area and a percent of total area equal to 100; and (2) detail and subtotal rows produced by rolling up by building (including ownership type), then floor number, then room number, then organization name, where the percent of total area is calculated as total area divided by the building’s total area for rows that have a floor number, and as total area divided by the overall total area for building subtotal rows (where floor is blank but building is present). Exclude any rows where the building name is blank. Order the output with the grand total first, then by building name, then floor number, then room number.",False,"Can you show a space summary by building (with ownership type), floor, room, and the organization using it—listing how many rooms there are, the total area, and what share of the area that represents, with building subtotals and an overall grand total?",False,"For each building (including its ownership type), floor number, room number, and organization name, list the building name, floor number, room number, ownership type, organization name, number of rooms, area, and the percentage of area relative to the building. Include subtotals across floors, a subtotal across all floors for each building, and a grand total across all buildings (with blank building/floor/room/ownership/organization fields and 100%). For the subtotal for each building and the grand total, the percentage of area should be relative to the area of all buildings. Leave out any rows where the building name is missing. All numeric values should be rounded to integers and formatted using commas as thousands separators except the relative percentages which should be rounded to two decimal places, and show the grand total first, then sort by building name, floor number, and room number.",False,"For each room, list its associated building name, floor number, room number, ownership type, organization name, number of rooms, area, and percentage of area relative to the building. Include subtotals across floors, subtotals across all floors for each building, and a grand total across all buildings. For the subtotal for each building and the grand total, the percentage of area should be relative to area of all buildings. All numeric values should be rounded to integers and formatted using commas as thousands separators except the relative percentages which should be rounded to two decimal places, and sort the results with the grand total first, then by building name, then by floor number, then by room number.",False
76,"WITH FinancialAidDetails AS ( SELECT at.TERM_CODE, at.TERM_DESCRIPTION, at.ACADEMIC_YEAR, at.FINANCIAL_AID_YEAR, td.START_DATE AS Term_Start_Date, td.END_DATE AS Term_End_Date, tm.FISCAL_PERIOD, tm.FISCAL_YEAR, tq.FY_QUARTER_CODE, tp.TERM_PARAMETER AS Dept_Term_Param FROM ACADEMIC_TERMS at JOIN TIME_DAY td ON at.TERM_START_DATE = td.CALENDAR_DATE JOIN TIME_MONTH tm ON td.FISCAL_PERIOD = tm.FISCAL_PERIOD AND td.FISCAL_YEAR = tm.FISCAL_YEAR JOIN TIME_QUARTER tq ON tm.FISCAL_YEAR = tq.FISCAL_YEAR AND tm.FY_QUARTER_CODE = tq.FY_QUARTER_CODE LEFT JOIN ACADEMIC_TERM_PARAMETER tp ON at.TERM_CODE = tp.TERM_CODE WHERE at.FINANCIAL_AID_YEAR IS NOT NULL ) SELECT FINANCIAL_AID_YEAR, ACADEMIC_YEAR, COUNT(DISTINCT FISCAL_PERIOD) AS Total_Fiscal_Periods, COUNT(DISTINCT FY_QUARTER_CODE) AS Total_Quarters, MIN(Term_Start_Date) AS First_Term_Start_Date, MAX(Term_End_Date) AS Last_Term_End_Date, COUNT(DISTINCT Dept_Term_Param) AS Distinct_Term_Params FROM FinancialAidDetails GROUP BY FINANCIAL_AID_YEAR, ACADEMIC_YEAR ORDER BY FINANCIAL_AID_YEAR DESC, ACADEMIC_YEAR ASC;","For each financial aid year and academic year, list the number of fiscal periods, quarters, the start term date, the end term date, and number of distinct department-level term parameters.","For each combination of **financial aid year** and **academic year** where the financial aid year is present, how many **distinct fiscal periods** and **distinct quarters** are associated with the terms, what are the **earliest start term date** and **latest end term date**, and how many **distinct department-level term parameters** exist—sorted by **financial aid year (descending)** and then **academic year (ascending)**?","For each combination of **financial aid year** and **academic year** where the financial aid year is present, how many **distinct fiscal periods** and **distinct quarters** are associated with the terms, what are the **earliest start term date** and **latest end term date**, and how many **distinct department-level term parameters** exist—sorted by **financial aid year (descending)** and then **academic year (ascending)**?",True,"For each financial aid year and academic year **where the financial aid year is not null**, list the number of **distinct** fiscal periods, **distinct** quarters, the **earliest** start term date, the **latest** end term date, and number of **distinct** department-level term parameters, **grouped by financial aid year and academic year and ordered by financial aid year descending and academic year ascending**.",False,"For each combination of **financial aid year** and **academic year** where the financial aid year is present, how many **distinct fiscal periods** and **distinct quarters** are associated with the terms, what are the **earliest start term date** and **latest end term date**, and how many **distinct department-level term parameters** exist—sorted by **financial aid year (descending)** and then **academic year (ascending)**?",True,"For each financial aid year and academic year, can you show how many fiscal periods and quarters are covered, the first term start date and last term end date, and how many different department term parameters there are?",False,"For each financial aid year and academic year where the financial aid year is available, list the number of fiscal periods and quarters, the earliest start term date, the latest end term date, and the number of distinct department-level term parameters.",False,"For each financial aid year and academic year **where the financial aid year is not blank**, list the number of **distinct** fiscal periods, **distinct** quarters, the **earliest** start term date, the **latest** end term date, and the number of **distinct** department-level term parameters, and **sort the results by financial aid year from newest to oldest, then by academic year from oldest to newest**.",False
77,"WITH BuildingArea AS ( SELECT b.CAMPUS_SECTOR, b.BUILDING_NAME_LONG AS Building_Name, f.FLOOR AS Floor_Number, b.ASSIGNABLE_AREA, ba.CITY AS Building_City, ba.STATE AS Building_State FROM FCLT_BUILDING b LEFT JOIN FCLT_FLOOR f ON b.FCLT_BUILDING_KEY = f.FCLT_BUILDING_KEY LEFT JOIN FCLT_BUILDING_ADDRESS ba ON b.FCLT_BUILDING_KEY = ba.FCLT_BUILDING_KEY ), TotalRooms AS ( SELECT b.BUILDING_NAME_LONG AS Building_Name, COUNT(r.FCLT_ROOM_KEY) AS Total_Rooms FROM FCLT_BUILDING b LEFT JOIN FCLT_ROOMS r ON b.FCLT_BUILDING_KEY = r.FCLT_BUILDING_KEY GROUP BY b.BUILDING_NAME_LONG ), TotalOrganizations AS ( SELECT b.BUILDING_NAME_LONG AS Building_Name, COUNT(DISTINCT o.FCLT_ORGANIZATION_KEY) AS Total_Organizations FROM FCLT_BUILDING b LEFT JOIN FCLT_ROOMS r ON b.FCLT_BUILDING_KEY = r.FCLT_BUILDING_KEY LEFT JOIN FCLT_ORGANIZATION o ON r.FCLT_ORGANIZATION_KEY = o.FCLT_ORGANIZATION_KEY GROUP BY b.BUILDING_NAME_LONG ), BuildingDetails AS ( SELECT b.BUILDING_NAME_LONG AS Building_Name, b.OWNERSHIP_TYPE AS Ownership_Type FROM FCLT_BUILDING b ), RollupRows AS ( SELECT CAMPUS_SECTOR, Building_Name, MAX(Building_City) AS Building_City, MAX(Building_State) AS Building_State, COUNT(DISTINCT Floor_Number) AS Total_Floors, SUM(ASSIGNABLE_AREA) AS Assignable_Area FROM BuildingArea GROUP BY CAMPUS_SECTOR, Building_Name WITH ROLLUP ), RankedRows AS ( SELECT rr.CAMPUS_SECTOR AS Campus_Sector, rr.Building_Name, rr.Building_City, rr.Building_State, rr.Total_Floors, rr.Assignable_Area, tr.Total_Rooms, toz.Total_Organizations, bd.Ownership_Type, CASE WHEN rr.Building_Name IS NOT NULL THEN RANK() OVER (PARTITION BY rr.CAMPUS_SECTOR ORDER BY rr.Assignable_Area DESC) - 1 ELSE NULL END AS Adjusted_Sector_Rank FROM RollupRows rr LEFT JOIN TotalRooms tr ON rr.Building_Name = tr.Building_Name LEFT JOIN TotalOrganizations toz ON rr.Building_Name = toz.Building_Name LEFT JOIN BuildingDetails bd ON rr.Building_Name = bd.Building_Name WHERE rr.CAMPUS_SECTOR IS NOT NULL ), GrandTotal AS ( SELECT NULL AS Campus_Sector, NULL AS Building_Name, NULL AS Building_City, NULL AS Building_State, SUM(Total_Floors) AS Total_Floors, SUM(Assignable_Area) AS Assignable_Area, NULL AS Total_Rooms, NULL AS Total_Organizations, NULL AS Ownership_Type, 1 AS Adjusted_Sector_Rank FROM RankedRows ) SELECT Campus_Sector, Building_Name, Building_City, Building_State, Total_Floors, FORMAT(Assignable_Area, 0) AS Assignable_Area, Total_Rooms, Total_Organizations, Ownership_Type, Adjusted_Sector_Rank FROM RankedRows UNION ALL SELECT Campus_Sector, Building_Name, NULL AS Building_City, NULL AS Building_State, Total_Floors, FORMAT(Assignable_Area, 0) AS Assignable_Area, NULL AS Total_Rooms, NULL AS Total_Organizations, Ownership_Type, Adjusted_Sector_Rank FROM GrandTotal ORDER BY Campus_Sector, Adjusted_Sector_Rank, Building_Name;","Group buildings by campus sectors. For each group, list the campus sector, name of the building, city and state where the building is located, total number of floors, total assignable area, total number of rooms, total number of organizations, ownership type, and a rank column indicating the order (1-indexed) of this row within each sector based on the descending order of assignable area. Include subtotals for each sector and a grand total across all sectors. The subtotal and grand total only need to computed over the total number of floors and assignable area.","For each campus sector, list each building (with its city, state, and ownership type) along with the number of distinct floors, the total assignable area (formatted with no decimals), the total number of rooms, and the number of distinct organizations associated with rooms in that building; rank buildings within each campus sector by assignable area from largest to smallest (starting at rank 0), include a grand total row that sums total floors and total assignable area across all campus sectors, and sort the output by campus sector, then rank, then building name.","For each campus sector (excluding any rows where the campus sector is missing), list each building with its city, state, and ownership type, along with: (1) the count of distinct floors in that building, (2) the total assignable area summed across the building’s floor rows and formatted with no decimals, (3) the total number of rooms in the building, and (4) the number of distinct organizations associated with rooms in that building. Also include a rollup subtotal row per campus sector (where the building name is blank) that aggregates total floors and total assignable area for that sector. Rank only the actual building rows within each campus sector by assignable area from largest to smallest using a rank that starts at 0, leaving the sector subtotal rows unranked. Finally, add one grand total row (with no campus sector or building name) that sums the sector-level totals for total floors and total assignable area across all campus sectors. Sort the output by campus sector, then rank, then building name.",False,"Group buildings by campus sectors. For each group, list the campus sector, name of the building, city and state where the building is located, total number of floors (as COUNT(DISTINCT floors)), total assignable area (as SUM(area)), total number of rooms (as COUNT(rooms)), total number of organizations (as COUNT(DISTINCT organizations)), ownership type, and a rank column indicating the order (0-indexed, with the first building in each sector having rank 0) of this row within each sector based on the descending order of assignable area. Include subtotals for each sector (using a GROUP BY ... WITH ROLLUP subtotal row where the building name is NULL) and a grand total across all sectors (as an extra row added via UNION ALL). The subtotal and grand total only need to computed over the total number of floors and assignable area, and the grand total should be computed as SUM of the sector-level totals from the ranked rows. Exclude any rows where the campus sector is NULL. Format the assignable area with thousands separators and no decimals. Order the final output by campus sector, then the rank column, then building name.",False,"For each campus sector (excluding any rows where the campus sector is missing), list each building with its city, state, and ownership type, along with: (1) the count of distinct floors in that building, (2) the total assignable area summed across the building’s floor/address rows and displayed with no decimal places, (3) the total number of rooms in the building, and (4) the count of distinct organizations associated with rooms in that building. Also include a campus-sector subtotal row (using a rollup) for each campus sector that shows the summed total floors and summed assignable area for that sector (with building name/city/state/ownership type/room count/organization count left blank), and rank only the actual building rows within each campus sector by assignable area from largest to smallest using a rank that starts at 0. Finally, add one grand total row across all campus sectors that sums the sector-level total floors and total assignable area (with other fields blank), and sort the full output by campus sector, then rank, then building name.",False,"Can you show me a report by campus sector that lists each building with its city/state and ownership type, plus how many floors it has, its total assignable area, how many rooms are in it, and how many different organizations use rooms there—sorted so the biggest buildings (by assignable area) are at the top within each sector, and with an overall total at the bottom?",False,"Group buildings by campus sectors (skip any buildings where the campus sector is missing). For each group, list the campus sector, name of the building, city and state where the building is located, total number of floors (counting unique floor numbers), total assignable area, total number of rooms, total number of organizations (counting unique organizations tied to rooms in the building), ownership type, and a rank column indicating the order of this row within each sector based on the descending order of assignable area (with the rank starting at 0 for the largest building). Include subtotals for each sector and a grand total across all sectors. The subtotal and grand total only need to computed over the total number of floors and assignable area.",False,"Group buildings by campus sectors. For each group, list the campus sector, name of the building, city and state where the building is located, total number of floors, total assignable area, total number of rooms, total number of organizations, ownership type, and a rank column indicating the order (1-indexed) of this row within each sector based on the descending order of assignable area, but make the first building in each sector have rank 0. Include subtotals for each sector and a grand total across all sectors. The subtotal and grand total only need to computed over the total number of floors and assignable area. Also, sort the results by campus sector, then by that rank, then by building name.",False
78,"WITH TIPMaterials AS ( SELECT tm.TITLE AS TIP_Title, tm.ISBN AS TIP_ISBN, tso.OFFER_DEPT_NAME AS TIP_Department FROM TIP_MATERIAL tm JOIN TIP_DETAIL td ON tm.TIP_MATERIAL_KEY = td.TIP_MATERIAL_KEY JOIN TIP_SUBJECT_OFFERED tso ON td.TIP_SUBJECT_OFFERED_KEY = tso.TIP_SUBJECT_OFFERED_KEY ), InstructorCounts AS ( SELECT lrc.CATALOG_ISBN AS ISBN, COUNT(DISTINCT lrmd.LIBRARY_COURSE_INSTRUCTOR_KEY) AS Num_Instructors FROM LIBRARY_RESERVE_CATALOG lrc JOIN LIBRARY_RESERVE_MATRL_DETAIL lrmd ON lrc.LIBRARY_RESERVE_CATALOG_KEY = lrmd.LIBRARY_RESERVE_CATALOG_KEY GROUP BY lrc.CATALOG_ISBN ), DepartmentMaterials AS ( SELECT lso.OFFER_DEPT_NAME AS Department, COUNT(DISTINCT lrc.CATALOG_ISBN) AS Total_Available_Materials_Per_Dept FROM LIBRARY_RESERVE_CATALOG lrc JOIN LIBRARY_RESERVE_MATRL_DETAIL lrmd ON lrc.LIBRARY_RESERVE_CATALOG_KEY = lrmd.LIBRARY_RESERVE_CATALOG_KEY JOIN LIBRARY_SUBJECT_OFFERED lso ON lrmd.LIBRARY_SUBJECT_OFFERED_KEY = lso.LIBRARY_SUBJECT_OFFERED_KEY GROUP BY lso.OFFER_DEPT_NAME ), OverallMaterials AS ( SELECT COUNT(DISTINCT lrc.CATALOG_ISBN) AS Total_Available_Materials_All_Departments FROM LIBRARY_RESERVE_CATALOG lrc JOIN LIBRARY_RESERVE_MATRL_DETAIL lrmd ON lrc.LIBRARY_RESERVE_CATALOG_KEY = lrmd.LIBRARY_RESERVE_CATALOG_KEY ) SELECT DISTINCT tm.TIP_Department AS Department, tm.TIP_Title, tm.TIP_ISBN, lrmd.TERM_CODE AS Library_Term_Code, CASE WHEN lrc.CATALOG_ISBN IS NOT NULL THEN 'Available in Library' ELSE 'Not Available in Library' END AS Availability_Status, COALESCE(ic.Num_Instructors, 0) AS Num_Instructors, COALESCE(dm.Total_Available_Materials_Per_Dept, 0) AS Total_Available_Materials_Per_Dept, COALESCE(om.Total_Available_Materials_All_Departments, 0) AS Total_Available_Materials_All_Departments FROM TIPMaterials tm LEFT JOIN LIBRARY_RESERVE_CATALOG lrc ON tm.TIP_ISBN = lrc.CATALOG_ISBN LEFT JOIN LIBRARY_RESERVE_MATRL_DETAIL lrmd ON lrc.LIBRARY_RESERVE_CATALOG_KEY = lrmd.LIBRARY_RESERVE_CATALOG_KEY LEFT JOIN InstructorCounts ic ON tm.TIP_ISBN = ic.ISBN LEFT JOIN DepartmentMaterials dm ON tm.TIP_Department = dm.Department LEFT JOIN OverallMaterials om ON 1=1 ORDER BY tm.TIP_Department, tm.TIP_Title;","For each department, list the name of the department, the title of the TIP material associated with the department, author, ISBN, library term code, and whether it is available in the library reserves ('Available in Library' if yes and 'Not Available in Library' otherwise), the total number of instructors per library book for the department, the total number of materials available in the library for the department, and the total number of available materials across all departments.","For each TIP material, list the name of the department, the title of the TIP material, its ISBN, the library term code (if it appears in library reserves), whether it is available in the library reserves or not, and the number of distinct instructors associated with that ISBN in library reserves; also include (for the material’s department) the total number of distinct materials available in the library reserves for that department and the overall total number of distinct materials available in the library reserves across all departments, and sort the results by department name then TIP material title.","For each TIP material, list the name of the department, the title of the TIP material, its ISBN, the library term code (if it appears in library reserves), whether it is available in the library reserves or not, and the number of distinct instructors associated with that ISBN in library reserves; also include (for the material’s department) the total number of distinct materials available in the library reserves for that department and the overall total number of distinct materials available in the library reserves across all departments, and sort the results by department name then TIP material title.",True,"For each department, list the name of the department, the title of the TIP material associated with the department, **ISBN (and do not include author)**, library term code, and whether it is available in the library reserves ('Available in Library' if yes and 'Not Available in Library' otherwise), the total number of instructors per library book for the department **(counting DISTINCT LIBRARY_COURSE_INSTRUCTOR_KEY per ISBN)**, the total number of materials available in the library for the department **(counting DISTINCT CATALOG_ISBN per department)**, and the total number of available materials across all departments **(counting DISTINCT CATALOG_ISBN overall)**, **including TIP materials even if they are not available in the library reserves (so availability is determined by whether a matching CATALOG_ISBN exists), and return DISTINCT rows ordered by department name then TIP material title**.",False,"For each TIP material, list the name of the department, the title of the TIP material, its ISBN, the library term code (if it appears in library reserves), whether it is available in the library reserves or not, and the number of distinct instructors associated with that ISBN in library reserves; also include (for the material’s department) the total number of distinct materials available in the library reserves for that department and the overall total number of distinct materials available in the library reserves across all departments, and sort the results by department name then TIP material title.",True,"Can you show me a list of TIP materials by department with the title and ISBN, whether each one is on library reserve (and the term if it is), how many instructors are using it, and also the total number of reserve items for that department and overall?",False,"For each TIP material, list the department name, the TIP material title, ISBN, the library term code (if it shows up in the library reserves), and whether it’s available in the library reserves (“Available in Library” if yes and “Not Available in Library” otherwise), along with the number of instructors tied to that ISBN in the library reserves, the total number of materials available in the library for that department, and the total number of available materials across all departments.",False,"For each department, list the name of the department, the title of the TIP material associated with the department, author, ISBN, library term code, and whether it is available in the library reserves ('Available in Library' if yes and 'Not Available in Library' otherwise), the total number of instructors per library book for the department (counting unique instructors), the total number of materials available in the library for the department (counting unique ISBNs), and the total number of available materials across all departments (counting unique ISBNs), and show the results sorted by department name and then TIP material title.",False
79,"WITH TIPMaterialStatuses AS ( SELECT tso.OFFER_DEPT_NAME AS Department, tms.TIP_MATERIAL_STATUS AS Status, COUNT(td.TIP_MATERIAL_KEY) AS Total_TIP_Materials FROM TIP_DETAIL td JOIN TIP_SUBJECT_OFFERED tso ON td.TIP_SUBJECT_OFFERED_KEY = tso.TIP_SUBJECT_OFFERED_KEY JOIN TIP_MATERIAL_STATUS tms ON td.TIP_MATERIAL_STATUS_KEY = tms.TIP_MATERIAL_STATUS_KEY GROUP BY tso.OFFER_DEPT_NAME, tms.TIP_MATERIAL_STATUS ), LibraryMaterialStatuses AS ( SELECT lso.OFFER_DEPT_NAME AS Department, lms.LIBRARY_MATERIAL_STATUS AS Status, COUNT(lrmd.LIBRARY_RESERVE_CATALOG_KEY) AS Total_Library_Materials FROM LIBRARY_RESERVE_MATRL_DETAIL lrmd JOIN LIBRARY_SUBJECT_OFFERED lso ON lrmd.LIBRARY_SUBJECT_OFFERED_KEY = lso.LIBRARY_SUBJECT_OFFERED_KEY JOIN LIBRARY_MATERIAL_STATUS lms ON lrmd.LIBRARY_MATERIAL_STATUS_KEY = lms.LIBRARY_MATERIAL_STATUS_KEY GROUP BY lso.OFFER_DEPT_NAME, lms.LIBRARY_MATERIAL_STATUS ), CombinedStatuses AS ( SELECT Department, Status, Total_TIP_Materials, 0 AS Total_Library_Materials FROM TIPMaterialStatuses UNION ALL SELECT Department, Status, 0 AS Total_TIP_Materials, Total_Library_Materials FROM LibraryMaterialStatuses ) SELECT Department, Status, SUM(Total_TIP_Materials) AS Total_TIP_Materials, SUM(Total_Library_Materials) AS Total_Library_Materials, SUM(Total_TIP_Materials + Total_Library_Materials) AS Total_All_Materials FROM CombinedStatuses GROUP BY Department, Status WITH ROLLUP ORDER BY Department, Status;","For each department and material status, list the name of the department, the material status, the number of TIP materials associated with this department and status, the number of library materials associated with this department and status, the total number of TIP and library materials associated with this department and status. Include a subtotal for each department and a grand total across all departments.","For each name of the department and each material status, how many TIP materials and how many library materials are there, and what is the combined total of all materials (TIP + library), including rollup subtotals and a grand total, ordered by department and then by material status?","For each name of the department and each material status, how many TIP materials and how many library materials are there, and what is the combined total of all materials (TIP + library), including rollup subtotals and a grand total, ordered by department and then by material status?",True,"For each department and material status, list the name of the department, the material status, the number of TIP materials associated with this department and status, the number of library materials associated with this department and status, the total number of TIP and library materials associated with this department and status. Include a subtotal for each department and a grand total across all departments **(i.e., use a rollup that produces rows where the material status is NULL for each department subtotal and a final row where both department and material status are NULL for the grand total), and order the results by department then material status.**",False,"For each name of the department and each material status, how many TIP materials and how many library materials are there, and what is the combined total of all materials (TIP + library), including rollup subtotals and a grand total, ordered by department and then by material status?",True,"Can you show me, by department and material status, how many TIP materials we have and how many library materials we have, along with the overall total? Please include department-level subtotals and a grand total.",False,"For each department and material status, list the name of the department, the material status, the number of TIP materials associated with this department and status, the number of library materials associated with this department and status, and the total number of TIP and library materials associated with this department and status. Include a subtotal for each department and a grand total across all departments, and show the results ordered by department and then by material status.",False,,True
80,"SELECT * FROM (SELECT FAC_BUILDING.BUILDING_NUMBER AS BUILDING, FAC_BUILDING.BUILDING_NAME_LONG AS NAME, BUILDINGS.BUILDING_STREET_ADDRESS AS `STREET ADDRESS`, FAC_BUILDING.BUILDING_TYPE AS TYPE, FAC_BUILDING.DATE_OCCUPIED, FAC_BUILDING.OWNERSHIP_TYPE AS OWNERSHIP, FAC_BUILDING.SITE AS SITE FROM FAC_BUILDING_ADDRESS JOIN FAC_BUILDING ON FAC_BUILDING_ADDRESS.BUILDING_KEY = FAC_BUILDING.FAC_BUILDING_KEY JOIN BUILDINGS ON FAC_BUILDING_ADDRESS.BUILDING_KEY = BUILDINGS.BUILDING_KEY WHERE FAC_BUILDING_ADDRESS.ADDRESS_PURPOSE = 'STREET' AND FAC_BUILDING.PARENT_BUILDING_NUMBER IS NULL) AS tbl1 UNION ALL SELECT NULL, CONCAT(COUNT(FAC_BUILDING.BUILDING_NUMBER), ' Buildings'), NULL, NULL, NULL, NULL, NULL FROM FAC_BUILDING_ADDRESS JOIN FAC_BUILDING ON FAC_BUILDING_ADDRESS.BUILDING_KEY = FAC_BUILDING.FAC_BUILDING_KEY WHERE FAC_BUILDING.OWNERSHIP_TYPE = 'OWNED' AND FAC_BUILDING_ADDRESS.ADDRESS_PURPOSE = 'STREET' AND FAC_BUILDING.PARENT_BUILDING_NUMBER IS NULL AND FAC_BUILDING.SITE = 'MIT' UNION ALL SELECT NULL, CONCAT(COUNT(FAC_BUILDING.BUILDING_NUMBER), ' Buildings'), NULL, NULL, NULL, NULL, NULL FROM FAC_BUILDING_ADDRESS JOIN FAC_BUILDING ON FAC_BUILDING_ADDRESS.BUILDING_KEY = FAC_BUILDING.FAC_BUILDING_KEY WHERE FAC_BUILDING.OWNERSHIP_TYPE = 'LEASED' AND FAC_BUILDING_ADDRESS.ADDRESS_PURPOSE = 'STREET' AND FAC_BUILDING.PARENT_BUILDING_NUMBER IS NULL AND FAC_BUILDING.SITE = 'MIT' UNION ALL SELECT NULL, CONCAT(COUNT(FAC_BUILDING.BUILDING_NUMBER), ' Buildings'), NULL, NULL, NULL, NULL, NULL FROM FAC_BUILDING_ADDRESS JOIN FAC_BUILDING ON FAC_BUILDING_ADDRESS.BUILDING_KEY = FAC_BUILDING.FAC_BUILDING_KEY WHERE FAC_BUILDING_ADDRESS.ADDRESS_PURPOSE = 'STREET' AND FAC_BUILDING.PARENT_BUILDING_NUMBER IS NULL AND FAC_BUILDING.SITE = 'MIT';","For each building that is not a subdivision, list the building number, full name, street address, building type, occupancy date, ownership type, and site location. You should also include three rows at the end showing the number of owned, leased, all buildings at MIT that are not subdivisions, in the format of (null, #building Buildings, null, null, null, null, null).","For all MIT site buildings that are not part of a subdivision (i.e., have no parent building), list each building’s building number, full name, street address (street-purpose address only), building type, occupancy date, ownership type, and site location; and also include summary rows showing (1) how many of these buildings are owned, (2) how many are leased, and (3) the total number of these buildings.","The NLQ needs one extra detail to match the SQL: the main list includes **all buildings with a street-purpose address and no parent building**, regardless of site, while the summary counts are restricted to **MIT site**.

Revised NLQ:
“For all buildings that are not part of a subdivision (i.e., have no parent building) and that have a street-purpose street address, list each building’s building number, full name, street address, building type, occupancy date, ownership type, and site location; and also include summary rows showing, for the MIT site only, (1) how many of these buildings are owned, (2) how many are leased, and (3) the total number of these buildings.”",False,"For each building that is not a subdivision, list the building number, full name, street address **(only where the address purpose is 'STREET')**, building type, occupancy date, ownership type, and site location. You should also include three rows at the end showing the number of owned, leased, all buildings at MIT that are not subdivisions **(filter site location = 'MIT' and address purpose = 'STREET')**, in the format of (null, #building Buildings, null, null, null, null, null).",False,"The question should list **all buildings with a street-purpose address and no parent building number**, showing building number, full name, street address, building type, occupancy date, ownership type, and site location (without restricting this detailed list to a specific site); and then **add three summary rows** that count, **for the MIT site only** (still limited to buildings with a street-purpose address and no parent building number), (1) how many are **owned**, (2) how many are **leased**, and (3) the **total** number of such buildings.",False,"Can you pull a list of all main MIT buildings (not sub-buildings) with their building number, name, street address, building type, occupancy date, ownership type, and site, and also include totals for how many are owned, how many are leased, and the overall total?",False,"For each building that is not a subdivision and has a street address listed as a street-purpose address, list the building number, full name, street address, building type, occupancy date, ownership type, and site location. You should also include three rows at the end showing the number of owned, leased, and all buildings at MIT that are not subdivisions (and have a street-purpose street address), in the format of (null, #building Buildings, null, null, null, null, null).",False,"For each building that is not a subdivision and has a street address, list the building number, full name, street address, building type, occupancy date, ownership type, and site location. You should also include three rows at the end showing the number of owned, leased, and all buildings at MIT that are not subdivisions and have a street address, in the format of (null, #building Buildings, null, null, null, null, null).",False
81,"SELECT CASE WHEN LAG(year_construct_began) OVER (ORDER BY year_construct_began, building_sort, BUILDING_NUMBER) = year_construct_began THEN NULL WHEN BUILDING_NUMBER IS NULL THEN NULL ELSE year_construct_began END AS `YEAR CONSTRUCT BEGAN`, BUILDING_NUMBER AS BUILDING, year_occupied AS `YEAR INITIALLY OCCUPIED` FROM (SELECT year_construct_began, temp2.BUILDING_NUMBER, CASE WHEN FAC_BUILDING.BUILDING_NUMBER IS NOT NULL THEN IFNULL(DATE_FORMAT(STR_TO_DATE(FAC_BUILDING.DATE_OCCUPIED, '%m/%d/%Y'), '%Y'), 'UNKNOWN') ELSE NULL END AS year_occupied, CASE WHEN FAC_BUILDING.BUILDING_NUMBER IS NOT NULL THEN building_sort ELSE NULL END AS building_sort FROM (SELECT CASE WHEN BUILDING_NUMBER IS NOT NULL THEN year_construct_began ELSE CONCAT(year_construct_began, '*') END AS year_construct_began, BUILDING_NUMBER FROM (SELECT IFNULL(DATE_FORMAT(STR_TO_DATE(DATE_BUILT, '%m/%d/%Y'), '%Y'), 'UNKNOWN') AS year_construct_began, BUILDING_NUMBER FROM FAC_BUILDING WHERE ownership_type = 'OWNED' AND PARENT_BUILDING_NUMBER IS NULL) temp1 GROUP BY year_construct_began, BUILDING_NUMBER HAVING year_construct_began IS NOT NULL) temp2 LEFT JOIN FAC_BUILDING ON FAC_BUILDING.BUILDING_NUMBER = temp2.BUILDING_NUMBER) temp3 UNION ALL SELECT NULL, CONCAT(COUNT(FAC_BUILDING.BUILDING_NUMBER), ' Buildings'), NULL FROM FAC_BUILDING WHERE ownership_type = 'OWNED' AND PARENT_BUILDING_NUMBER IS NULL;","For each owned building that is not a subdivision, list the construction start year, the building number, and the year of initial occupancy. Display the construction start year only if it differs from the previous row. If the year of initial occupancy or construction start year is unknown, display 'UNKNOWN'. You should also include a row at the end showing the total number of owned buildings that are not subdivisions, in the format of (null, #building Buildings, null).","For all **owned** buildings that are **not part of a subdivision** (i.e., have no parent building number), list each building’s **construction start year**, **building number**, and **year of initial occupancy**, sorted by construction start year and then by building number, showing the construction start year only on the first row for each year (blank for subsequent buildings in the same year), and include a final summary row with the **total number of such buildings** labeled as “X Buildings.”","For all **owned** buildings that are **not part of a subdivision** (i.e., have no parent building number), list each building’s **construction start year**, **building number**, and **year of initial occupancy**, sorted by construction start year and then by building number, showing the construction start year only on the first row for each year (blank for subsequent buildings in the same year), and include a final summary row with the **total number of such buildings** labeled as “X Buildings.”",True,"For each owned building that is not a subdivision (i.e., ownership_type = 'OWNED' and subdivision/PARENT_BUILDING_NUMBER is NULL), list the construction start year (as the 4-digit year extracted from DATE_BUILT), the building number (BUILDING_NUMBER), and the year of initial occupancy (as the 4-digit year extracted from DATE_OCCUPIED). Display the construction start year only if it differs from the previous row when ordered by construction start year, then by building_sort, then by BUILDING_NUMBER; otherwise display NULL for that construction start year. If the year of initial occupancy or construction start year is unknown, display 'UNKNOWN'. Exclude rows where the construction start year is NULL. You should also include a row at the end showing the total number of owned buildings that are not subdivisions, in the format of (null, #building Buildings, null), where #building is COUNT(BUILDING_NUMBER).",False,"For all **owned** buildings that are **not part of a subdivision** (i.e., have no parent building number), list each building’s **construction start year** (as a 4‑digit year, or “UNKNOWN” if the date is missing/unparseable), **building number**, and **year of initial occupancy** (as a 4‑digit year, or “UNKNOWN” if the date is missing/unparseable), sorted by construction start year and then by building number; show the construction start year only on the first row for each year (leave it blank for subsequent buildings in the same year), and include a final summary row with the **total number of such buildings** labeled as “X Buildings.”",False,"Can you show me a list of all owned buildings that aren’t part of a larger complex/subdivision, including the year construction started, the building number, and the year they were first occupied—and also include the total count of these buildings at the end?",False,"For each owned building that is not a subdivision (so it has no parent building number), list the construction start year, the building number, and the year of initial occupancy, sorted by construction start year and then by building number. Display the construction start year only if it differs from the previous row. If the year of initial occupancy or construction start year is unknown, display “UNKNOWN”. You should also include a row at the end showing the total number of owned buildings that are not subdivisions, in the format of (null, #building Buildings, null).",False,"For each owned building that is not a subdivision, list the construction start year, the building number, and the year of initial occupancy. Display the construction start year only if it differs from the previous row **when the rows are ordered by construction start year, then by a building sort order, then by building number**. If the year of initial occupancy or construction start year is unknown, display 'UNKNOWN'. You should also include a row at the end showing the total number of owned buildings that are not subdivisions, in the format of (null, #building Buildings, null).",False
82,"SELECT CASE WHEN LAG(OWNERSHIP) OVER (ORDER BY OWNERSHIP_TYPE DESC, TYPE) = OWNERSHIP THEN NULL ELSE OWNERSHIP END AS OWNERSHIP, TYPE, BUILDINGS, GROSS_SQFT, ROOM_COUNT, ORG_COUNT FROM (SELECT CASE WHEN FLOOR.OWNERSHIP_TYPE IS NULL OR FLOOR.BUILDING_USE IS NULL THEN 'UNKNOWN' ELSE CONCAT(FLOOR.OWNERSHIP_TYPE, '2') END AS OWNERSHIP_TYPE, CASE WHEN FLOOR.BUILDING_USE IS NULL OR FLOOR.OWNERSHIP_TYPE IS NULL THEN NULL ELSE FLOOR.OWNERSHIP_TYPE END AS OWNERSHIP, FLOOR.BUILDING_USE AS TYPE, COUNT(DISTINCT COALESCE(FLOOR.PARENT_BUILDING_NUMBER, FLOOR.FCLT_BUILDING_KEY)) AS BUILDINGS, SUM(FLOOR.EXT_GROSS_AREA) AS GROSS_SQFT, COUNT(DISTINCT rm.FCLT_ROOM_KEY) AS ROOM_COUNT, COUNT(DISTINCT org.FCLT_ORGANIZATION_KEY) AS ORG_COUNT FROM FCLT_BUILDING_HIST FLOOR LEFT JOIN FCLT_ROOMS rm ON FLOOR.FCLT_BUILDING_KEY = rm.FCLT_BUILDING_KEY LEFT JOIN FCLT_ORGANIZATION org ON rm.FCLT_ORGANIZATION_KEY = org.FCLT_ORGANIZATION_KEY WHERE FLOOR.SITE = 'MIT' GROUP BY FLOOR.OWNERSHIP_TYPE, FLOOR.BUILDING_USE ORDER BY FLOOR.OWNERSHIP_TYPE DESC, FLOOR.BUILDING_USE) AS tbltmp;","Group all buildings at MIT into either owned or leased. For each group, state the ownership type, usage type, number of buildings, gross square footage, number of rooms, and the number of associated organizations. Display the ownership type only if it differs from the previous row. Include subtotals for each group and a grand total across all groups. The subtotal and grand total rows should not include ownership type and usage type. Footage should be rounded to integers and formatted using commas as thousands separators.","For buildings at MIT, for each combination of ownership type and usage type, how many distinct buildings are there (counting by parent building number when available, otherwise by building ID), what is the total gross square footage, how many distinct rooms are associated, and how many distinct organizations are associated—sorted by ownership type in descending order and then by usage type?","For buildings at MIT, for each combination of ownership type and usage type (including cases where either is missing, treating the ownership type label as “UNKNOWN” when ownership type or usage type is missing and leaving the ownership value blank in those cases), how many distinct buildings are there (counting by parent building number when available, otherwise by building ID), what is the total gross square footage, how many distinct rooms are associated, and how many distinct organizations are associated—sorted by ownership type in descending order and then by usage type, and with the ownership value shown only on the first row of each ownership group (left blank for subsequent rows with the same ownership)?",False,"Group all buildings at MIT (WHERE FCLT_BUILDING_HIST.SITE = 'MIT') by FCLT_BUILDING_HIST.OWNERSHIP_TYPE and FCLT_BUILDING_HIST.BUILDING_USE. For each group, state the ownership type (set to NULL when FCLT_BUILDING_HIST.OWNERSHIP_TYPE is NULL or FCLT_BUILDING_HIST.BUILDING_USE is NULL, otherwise use FCLT_BUILDING_HIST.OWNERSHIP_TYPE), usage type (FCLT_BUILDING_HIST.BUILDING_USE), number of buildings (COUNT DISTINCT of COALESCE(FCLT_BUILDING_HIST.PARENT_BUILDING_NUMBER, FCLT_BUILDING_HIST.FCLT_BUILDING_KEY)), gross square footage (SUM of FCLT_BUILDING_HIST.EXT_GROSS_AREA), number of rooms (COUNT DISTINCT FCLT_ROOMS.FCLT_ROOM_KEY), and the number of associated organizations (COUNT DISTINCT FCLT_ORGANIZATION.FCLT_ORGANIZATION_KEY), using LEFT JOINs from FCLT_BUILDING_HIST to FCLT_ROOMS and from FCLT_ROOMS to FCLT_ORGANIZATION on the provided join keys. Also create an ordering key OWNERSHIP_TYPE_SORT = CASE WHEN FCLT_BUILDING_HIST.OWNERSHIP_TYPE IS NULL OR FCLT_BUILDING_HIST.BUILDING_USE IS NULL THEN 'UNKNOWN' ELSE CONCAT(FCLT_BUILDING_HIST.OWNERSHIP_TYPE, '2') END, and ORDER BY OWNERSHIP_TYPE_SORT DESC, usage type. Display the ownership type only if it differs from the previous row by using LAG(ownership type) OVER (ORDER BY OWNERSHIP_TYPE_SORT DESC, usage type) and showing NULL when it is the same as the previous row. Do not include subtotals, a grand total, rounding, or thousands-separator formatting.",False,"For buildings at MIT, for each combination of ownership type and usage type (including cases where either is missing, treating the ownership type label as “UNKNOWN” when ownership type or usage type is missing), how many distinct buildings are there (counting by parent building number when available, otherwise by building ID), what is the total gross square footage, how many distinct rooms are associated, and how many distinct organizations are associated—sorted by ownership type in descending order and then by usage type, and with the output formatted so that repeated ownership values are shown only on the first row of each ownership group (blank/null on subsequent rows within the same ownership group)?",False,"Can you show me a breakdown of MIT buildings by ownership type and building use, including the number of buildings, total gross square footage, number of rooms, and number of organizations associated with them?",False,"Group all buildings at MIT into either owned or leased. For each ownership type and usage type (and if either one is missing, treat it as “UNKNOWN”), state the ownership type, usage type, number of buildings, gross square footage, number of rooms, and the number of associated organizations. Display the ownership type only if it differs from the previous row. Include subtotals for each group and a grand total across all groups. The subtotal and grand total rows should not include ownership type and usage type. Footage should be rounded to integers and formatted using commas as thousands separators.",False,"Group all buildings at MIT into either owned or leased. For each group, state the ownership type, usage type, number of buildings, gross square footage, number of rooms, and the number of associated organizations. Display the ownership type only if it differs from the previous row **when the rows are sorted by ownership type from leased to owned, and then by usage type**. Include subtotals for each group and a grand total across all groups. The subtotal and grand total rows should not include ownership type and usage type. Footage should be rounded to integers and formatted using commas as thousands separators.",False
83,"SELECT * FROM (SELECT CASE WHEN FLOOR.BUILDING_USE = 'RESIDENT' THEN 'RESIDENTIAL' ELSE FLOOR.BUILDING_USE END AS TYPE, COUNT(DISTINCT COALESCE(FLOOR.PARENT_BUILDING_NUMBER, FLOOR.FCLT_BUILDING_KEY)) AS BUILDINGS, FORMAT(SUM(FLOOR.EXT_GROSS_AREA), 0) AS GROSS_SQFT, COUNT(DISTINCT org.FCLT_ORGANIZATION_KEY) AS NUM_ORGANIZATIONS FROM FCLT_BUILDING FLOOR LEFT JOIN FCLT_ROOMS rm ON FLOOR.FCLT_BUILDING_KEY = rm.FCLT_BUILDING_KEY LEFT JOIN FCLT_ORGANIZATION org ON rm.FCLT_ORGANIZATION_KEY = org.FCLT_ORGANIZATION_KEY WHERE FLOOR.BUILDING_USE IS NOT NULL GROUP BY FLOOR.BUILDING_USE) AS derived_table UNION ALL SELECT NULL AS TYPE, COUNT(DISTINCT COALESCE(FLOOR.PARENT_BUILDING_NUMBER, FLOOR.FCLT_BUILDING_KEY)) AS BUILDINGS, FORMAT(SUM(FLOOR.EXT_GROSS_AREA), 0) AS GROSS_SQFT, COUNT(DISTINCT org.FCLT_ORGANIZATION_KEY) AS NUM_ORGANIZATIONS FROM FCLT_BUILDING FLOOR LEFT JOIN FCLT_ROOMS rm ON FLOOR.FCLT_BUILDING_KEY = rm.FCLT_BUILDING_KEY LEFT JOIN FCLT_ORGANIZATION org ON rm.FCLT_ORGANIZATION_KEY = org.FCLT_ORGANIZATION_KEY;","For each building use, list the type, the number of distinct buildings (excluding subdivisions) of this use, the total gross square footage of these buildings, and the number of unique organizations associated with the rooms in these buildings. If the building is used as a residence, display the usage type as ""RESIDENTIAL."" You should also include a row at the end showing the total number of buildings, the gross square footage, and the number of organizations across all types of building use. All numerical values should be rounded to integers and formatted using commas as thousands separators.","For each non-null building use (treat “RESIDENT” as “RESIDENTIAL”), how many distinct buildings are there (counting by parent building number when available, otherwise by building ID), what is the total gross square footage, and how many distinct organizations occupy rooms in those buildings—and also include an overall totals row across all buildings regardless of building use?","The SQL should also specify that the overall totals row includes **all buildings (including those with a null building use)**, while the per–building use breakdown includes **only buildings whose building use is not null**.",False,"For each building use **where the building use is not null**, list the type, the number of distinct buildings (excluding subdivisions) of this use **by counting distinct COALESCE(parent building number, building key)**, the total gross square footage of these buildings, and the number of unique organizations associated with the rooms in these buildings. If the building is used as a residence, display the usage type as ""RESIDENTIAL."" You should also include a row at the end showing the total number of buildings, the gross square footage, and the number of organizations across all types of building use **(including buildings with null building use)**. All numerical values should be rounded to integers and formatted using commas as thousands separators.",False,"The question should also specify that the overall totals row includes buildings with a null building use (i.e., it does not filter out null building use for the totals row), while the per–building use breakdown excludes null building use.",False,"Can you show a summary by building use of how many buildings we have, the total gross square footage, and how many different organizations are in those buildings (count “RESIDENT” as “RESIDENTIAL”)—and include a grand total for all buildings?",False,"For each building use (only where the building use is filled in), list the type, the number of distinct buildings (excluding subdivisions) of this use, the total gross square footage of these buildings, and the number of unique organizations associated with the rooms in these buildings. If the building is used as a residence, display the usage type as ""RESIDENTIAL."" You should also include a row at the end showing the total number of buildings, the gross square footage, and the number of organizations across all buildings (including ones with no building use listed). All numerical values should be rounded to integers and formatted using commas as thousands separators.",False,,True
84,"SELECT o1.organization_id, organization_number, organization_level, CASE WHEN organization_level = 2 THEN CONCAT(' ', organization_name) WHEN organization_level = 3 THEN CONCAT(' ', organization_name) WHEN organization_level = 4 THEN CONCAT(' ', organization_name) WHEN organization_level = 5 THEN CONCAT(' ', organization_name) WHEN organization_level = 6 THEN CONCAT(' ', organization_name) ELSE organization_name END AS formatted_name, CASE WHEN ASSIGNABLE = 1 THEN 'ASSIGNABLE' ELSE 'NON-ASSIGNABLE' END AS assign, (SELECT FORMAT(SUM(area), 0) FROM FCLT_ROOMS r JOIN FCLT_ORGANIZATION o ON r.FCLT_ORGANIZATION_KEY = o.FCLT_ORGANIZATION_KEY WHERE o.organization_id = o1.organization_id) AS area, (SELECT FORMAT(COUNT(ROOM), 0) FROM FCLT_ROOMS r JOIN FCLT_ORGANIZATION o ON r.FCLT_ORGANIZATION_KEY = o.FCLT_ORGANIZATION_KEY WHERE o.organization_id = o1.organization_id) AS rmcnt, (SELECT FORMAT(AVG(area), 0) FROM FCLT_ROOMS r JOIN FCLT_ORGANIZATION o ON r.FCLT_ORGANIZATION_KEY = o.FCLT_ORGANIZATION_KEY WHERE o.organization_id = o1.organization_id) AS area_avg FROM FCLT_ORGANIZATION o1 JOIN MASTER_DEPT_HIERARCHY ON o1.DLC_KEY = MASTER_DEPT_HIERARCHY.DLC_KEY WHERE o1.organization_name NOT IN ('CAMBRIDGE-MIT INST');","For each organization except Cambridge-MIT Institute, list its ID, number, level, formatted name according to level (if level is 2, there should be 1 space before the name, if level is 3, there should be 2 space before the name, up to level 6), whether it is assignable ('ASSIGNABLE' if assignable, 'NON-ASSIGNABLE' otherwise), total area, number of rooms, and average room area. Area and number of rooms should be rounded to integers and formatted using commas as thousands separators.","For each organization except “CAMBRIDGE-MIT INST”, list its ID, number, level, a level-indented organization name, whether it is assignable or non-assignable, and the total room area, room count, and average room area across all rooms associated with that organization.","For each organization except “CAMBRIDGE-MIT INST”, list its ID, number, level, the organization name formatted with a single leading space when the level is 2, 3, 4, 5, or 6 (otherwise no leading space), whether it is labeled “ASSIGNABLE” when assignable equals 1 and “NON-ASSIGNABLE” otherwise, and (for that same organization) the total room area, the count of rooms, and the average room area across all rooms associated with the organization, with the three room metrics formatted as whole numbers (no decimals).",False,"For each organization except Cambridge-MIT Institute **(i.e., exclude organizations whose name is exactly `CAMBRIDGE-MIT INST`)**, list its ID, number, level, formatted name according to level (if level is 2, there should be 1 space before the name, if level is 3, there should be 2 space before the name, up to level 6), whether it is assignable ('ASSIGNABLE' if assignable, 'NON-ASSIGNABLE' otherwise), total area, number of rooms, and average room area **computed over all rooms that belong to that same organization (matching by organization_id)**. Area and number of rooms should be rounded to integers and formatted using commas as thousands separators. **Include only organizations that have a matching record in MASTER_DEPT_HIERARCHY via DLC_KEY (inner join).**",False,"For each organization except “CAMBRIDGE-MIT INST”, list its ID, number, level, the organization name formatted with a single leading space when the level is 2, 3, 4, 5, or 6 (otherwise no leading space), whether it is labeled “ASSIGNABLE” when assignable equals 1 and “NON-ASSIGNABLE” otherwise, and for that same organization compute (across all associated rooms) the total room area, the room count, and the average room area, with each of these three values formatted with zero decimal places.",False,"Can you show me a list of all organizations (excluding Cambridge-MIT Institute) with their ID, number, level, whether they’re assignable, and a summary of their rooms—total area, number of rooms, and average room size?",False,"For each organization except “CAMBRIDGE-MIT INST”, list its ID, number, level, formatted name according to level (if level is 2, 3, 4, 5, or 6, put 1 space before the name; otherwise no leading space), whether it is assignable (“ASSIGNABLE” if assignable, “NON-ASSIGNABLE” otherwise), total area, number of rooms, and average room area. Area and number of rooms should be rounded to integers and formatted using commas as thousands separators.",False,"For each organization except Cambridge-MIT Institute, list its ID, number, level, formatted name according to level (if level is 2, there should be 1 space before the name, if level is 3, there should be 2 space before the name, up to level 6), whether it is assignable ('ASSIGNABLE' if assignable, 'NON-ASSIGNABLE' otherwise), total area, number of rooms, and average room area. Area and number of rooms should be rounded to integers and formatted using commas as thousands separators. Exclude only the organization whose name is exactly ""CAMBRIDGE-MIT INST"".",False
85,"SELECT CASE WHEN LAG(assign) OVER (ORDER BY assign) = assign THEN NULL ELSE assign END AS assign, CASE WHEN LAG(muse) OVER (ORDER BY assign, muse_sort) = muse THEN NULL ELSE muse END AS muse, rmcnt, area, area_avg FROM (SELECT CASE WHEN GROUPING(ASSIGNABLE) = 1 THEN NULL ELSE CASE WHEN ASSIGNABLE = 1 THEN 'ASSIGNABLE' ELSE 'NON-ASSIGNABLE' END END AS assign, CASE WHEN GROUPING(FCLT_ROOMS.MAJOR_USE_DESC) = 1 AND GROUPING(ASSIGNABLE) = 0 THEN NULL ELSE FCLT_ROOMS.MAJOR_USE_DESC END AS muse, CASE WHEN GROUPING(FCLT_ROOMS.MAJOR_USE_DESC) = 1 AND GROUPING(ASSIGNABLE) = 0 THEN 'zzz' ELSE FCLT_ROOMS.MAJOR_USE_DESC END AS muse_sort, COUNT(ROOM) AS rmcnt, SUM(FCLT_ROOMS.AREA) AS area, AVG(FCLT_ROOMS.AREA) AS area_avg FROM FCLT_ROOMS JOIN FCLT_MAJOR_USE ON FCLT_MAJOR_USE.FCLT_MAJOR_USE_KEY = FCLT_ROOMS.FCLT_MAJOR_USE_KEY WHERE FCLT_MAJOR_USE.MAJOR_USE NOT LIKE 'ZUSE%' AND FCLT_MAJOR_USE.DESCRIPTION NOT LIKE 'ZUSE%' GROUP BY ASSIGNABLE, FCLT_ROOMS.MAJOR_USE_DESC WITH ROLLUP ORDER BY assign, muse_sort) tbltmp;","Group all rooms into whether or not they are assignable and the major use descriptions. For each group, state ""ASSIGNABLE"" if the room is assignable and ""NON-ASSIGNABLE"" otherwise, the major use description, the total number of rooms, total area, and average area. Include subtotals for each group and a grand total across all groups. The assignable status and major use descriptions should only be displayed when they differ from the previous row. Do not include rooms whose major use or major use description starts with 'ZUSE.' The results should be sorted by assignable status and major use description. The subtotal and grand total rows should not include assignable status or major use description.","For each room category (assignable vs non-assignable) and, within each category, for each major use description, what are the total number of rooms, the total area, and the average room area—excluding any major uses whose code or description starts with “ZUSE”—and also include a subtotal row per room category, with results ordered by room category and then major use description?","For each room category (assignable vs non-assignable) and, within each category, for each major use description, what are the total number of rooms, the total area, and the average room area—excluding any major uses whose code starts with “ZUSE” and excluding any major uses whose description starts with “ZUSE”—and also include a subtotal row per room category (but not a grand total row), with results ordered by room category and then major use description?",False,"Group all rooms into whether or not they are assignable and the major use descriptions. For each group, state ""ASSIGNABLE"" if the room is assignable and ""NON-ASSIGNABLE"" otherwise, the major use description, the total number of rooms, total area, and average area. Include subtotals for each group and a grand total across all groups. The assignable status and major use descriptions should only be displayed when they differ from the previous row. Do not include rooms whose major use **(FCLT_MAJOR_USE.MAJOR_USE)** or **major use description field used for filtering (FCLT_MAJOR_USE.DESCRIPTION)** starts with 'ZUSE' **(i.e., exclude rows where FCLT_MAJOR_USE.MAJOR_USE LIKE 'ZUSE%' OR FCLT_MAJOR_USE.DESCRIPTION LIKE 'ZUSE%')**. The results should be sorted by assignable status and major use description. The subtotal and grand total rows should not include assignable status or major use description.",False,"To match the query exactly: For each room category (assignable vs non-assignable) and, within each category, for each major use description, return the total number of rooms, the total area, and the average room area, excluding any major uses whose code starts with “ZUSE” and excluding any major uses whose description starts with “ZUSE”; also include a subtotal row per room category (but not a grand total row), and display the results so that within each room category the subtotal row appears after the detailed major use rows, ordered by room category and then major use description.",False,"Can you show me a summary of our rooms split into assignable vs. non-assignable, and within each group by major use description, including the number of rooms, total area, and average room size? Please exclude any major uses labeled “ZUSE,” and include a subtotal for each assignable/non-assignable group.",False,"Group all rooms into whether or not they are assignable and the major use descriptions. For each group, state ""ASSIGNABLE"" if the room is assignable and ""NON-ASSIGNABLE"" otherwise, the major use description, the total number of rooms, total area, and average area. Include subtotals for each assignable/non-assignable category. The assignable status and major use descriptions should only be displayed when they differ from the previous row. Do not include rooms whose major use code starts with 'ZUSE' or whose major use description starts with 'ZUSE.' The results should be sorted by assignable status and major use description. The subtotal rows should not include assignable status or major use description.",False,"Group all rooms into whether or not they are assignable and the major use descriptions. For each group, state ""ASSIGNABLE"" if the room is assignable and ""NON-ASSIGNABLE"" otherwise, the major use description, the total number of rooms, total area, and average area. Include subtotals for each group and a grand total across all groups. The assignable status and major use descriptions should only be displayed when they differ from the previous row. Do not include rooms whose major use or major use description starts with 'ZUSE.' The results should be sorted by assignable status and major use description, with the major use descriptions sorted so that the subtotal row for each assignable status comes last. The subtotal and grand total rows should not include assignable status or major use description.",False
86,"SELECT CASE WHEN LAG(FLOOR_KEY) OVER (ORDER BY COALESCE(FAC_FLOOR.FLOOR_SORT_SEQUENCE, 999), flsort, orgname) = FLOOR_KEY THEN NULL ELSE FLOOR_KEY END AS flid2, CASE WHEN orgname = 'zzz' THEN NULL ELSE orgname END AS dept, rmcnt, areasum, area_avg FROM (SELECT FLOOR_KEY AS flsort, CASE WHEN GROUPING(FLOOR_KEY) = 0 AND GROUPING(org.ORGANIZATION_NAME) = 1 THEN 'SUBTOTAL' WHEN GROUPING(FLOOR_KEY) = 1 AND GROUPING(org.ORGANIZATION_NAME) = 1 THEN 'TOTAL' ELSE FLOOR_KEY END AS flid, CASE WHEN GROUPING(FLOOR_KEY) = 0 AND GROUPING(org.ORGANIZATION_NAME) = 1 THEN 'zzz' ELSE org.ORGANIZATION_NAME END AS orgname, COUNT(rm.FAC_ROOM_KEY) AS rmcnt, SUM(rm.AREA) AS areasum, AVG(rm.AREA) AS area_avg FROM FAC_ROOMS rm JOIN FCLT_ORGANIZATION org ON rm.ORGANIZATION_KEY = org.FCLT_ORGANIZATION_KEY JOIN BUILDINGS bu ON rm.BUILDING_KEY = bu.BUILDING_KEY WHERE bu.BUILDING_NAME = 'Ray and Maria Stata Center' GROUP BY FLOOR_KEY, org.ORGANIZATION_NAME WITH ROLLUP ORDER BY flsort, orgname) tbltmp LEFT JOIN FAC_FLOOR ON FLOOR_KEY = flsort;","List each floor key and department name within the Stata building, as well as the number of rooms, total area, and average area per department on each floor. Include subtotals for each floor and a grand total across all floors. Sort the results by floor key and department name in ascending order. Exclude departments without any rooms in the building. Only the first row of each floor group should include the floor key, and the subtotal and grand total rows should not include floor key or department name. Number of rooms and area should be rounded to integers and formatted using commas as thousands separators.","For the Ray and Maria Stata Center building, for each floor and department name, what are the number of rooms, the total room area, and the average room area—also including a subtotal per floor and an overall total—sorted by floor (using the floor sort order) and then by department name?","For the Ray and Maria Stata Center building, list the number of rooms, the total room area, and the average room area for each combination of floor and department name, and also include a subtotal row for each floor (across all departments) and a final overall total row; sort the results by the floor’s defined sort order (treating floors without a sort order as last) and then by department name, and in the display leave the floor value blank when it repeats on consecutive rows.",False,"List each floor key and department name within the Stata building **named ""Ray and Maria Stata Center""**, as well as the number of rooms, total area, and average area per department on each floor. Include subtotals for each floor and a grand total across all floors. Sort the results by **COALESCE(FAC_FLOOR.FLOOR_SORT_SEQUENCE, 999)**, then by floor key and department name in ascending order. Exclude departments without any rooms in the building. Only the first row of each floor group should include the floor key, and the subtotal and grand total rows should not include floor key or department name, **with the subtotal department name shown as ""SUBTOTAL"" and the grand total department name shown as ""TOTAL""**. Number of rooms and area should be rounded to integers and formatted using commas as thousands separators.",False,"For the Ray and Maria Stata Center building, list the number of rooms, the total room area, and the average room area for each combination of floor and department name, and also include a subtotal row for each floor and a grand total row across all floors and departments; sort the results by the floor’s sort order (placing floors without a sort order last) and then by department name.",False,"For the Ray and Maria Stata Center, can you show me a breakdown by floor and department with the number of rooms, total room area, and average room size, including floor totals and a grand total?",False,"List each floor key and department name within the Ray and Maria Stata Center, along with the number of rooms, total area, and average area per department on each floor. Include subtotals for each floor and a grand total across all floors. Sort the results by the floor’s defined sort order (put floors without a sort order last) and then by department name in ascending order. Exclude departments without any rooms in the building. Only the first row of each floor group should show the floor key, and the subtotal and grand total rows should not show the floor key or department name. Number of rooms and area should be rounded to integers and formatted using commas as thousands separators.",False,"List each floor key and department name within the Stata building, as well as the number of rooms, total area, and average area per department on each floor. Include subtotals for each floor and a grand total across all floors. Sort the results by floor key and department name in ascending order. Exclude departments without any rooms in the building. Only the first row of each floor group should include the floor key, and the subtotal and grand total rows should not include floor key or department name.",False
87,"SELECT DISTINCT tbltmp.blsort AS building_id, tbltmp.flsort AS floor_id, tbltmp.rmcnt AS total_rooms, tbltmp.areasum AS total_area, tbltmp.area_avg AS avg_area, fb.BUILDING_NAME_LONG AS building_name, fb.ACCESS_LEVEL_NAME AS access_level, CASE WHEN tbltmp.flsort IS NULL THEN NULL ELSE fba.POSTAL_CODE END AS postal_code, CASE WHEN tbltmp.flsort IS NULL THEN NULL ELSE fba.CITY END AS city FROM (SELECT rm.BUILDING_KEY AS blsort, rm.FLOOR_KEY AS flsort, COUNT(rm.FAC_ROOM_KEY) AS rmcnt, SUM(rm.AREA) AS areasum, AVG(rm.AREA) AS area_avg FROM FAC_ROOMS rm JOIN FAC_ORGANIZATION fo ON rm.ORGANIZATION_KEY = fo.ORGANIZATION_KEY WHERE fo.ORGANIZATION_NAME = 'DP OF FACILITIES' GROUP BY rm.BUILDING_KEY, rm.FLOOR_KEY WITH ROLLUP) tbltmp LEFT JOIN FAC_FLOOR fl ON fl.BUILDING_KEY = tbltmp.blsort AND fl.FLOOR_KEY = tbltmp.flsort LEFT JOIN FAC_BUILDING fb ON tbltmp.blsort = fb.FAC_BUILDING_KEY LEFT JOIN FAC_BUILDING_ADDRESS fba ON tbltmp.blsort = fba.BUILDING_KEY ORDER BY building_id, floor_id, postal_code, city;","List each building key and floor key within the department of facilities, the number of rooms, total area, average area per floor, building name, access level, zip code, and city. Include subtotals for each building and a grand total across all buildings. The subtotals and grand total should not include zip code or city. Numbers of rooms and area should be rounded to integers and formatted using commas as thousands separators.","For the department “DP OF FACILITIES,” for each building and each floor within that building (including rollup subtotal rows by building and a grand total row), what are the total number of rooms, the total room area, and the average room area, along with the building name and access level, and (only for non-rollup floor rows) the building’s zip code and city, sorted by building key, floor key, zip code, and city?","For the department “DP OF FACILITIES,” for each building and each floor within that building (including rollup subtotal rows by building and a grand total row), what are the total number of rooms, the total room area, and the average room area, along with the building name and access level, and (only for non-rollup floor rows) the building’s zip code and city, sorted by building key, floor key, zip code, and city?",True,"List each building key and floor key within the department of facilities **(where department = 'DP OF FACILITIES')**, the number of rooms, total area, average area per floor, building name, access level, zip code, and city. Include subtotals for each building and a grand total across all buildings **(using GROUP BY building key, floor key WITH ROLLUP, and selecting DISTINCT rows)**. The subtotals and grand total should not include zip code or city **(return zip code and city only when floor key is not NULL; otherwise return NULL for both)**. Numbers of rooms and area should be rounded to integers and formatted using commas as thousands separators. **Order the results by building key, floor key, zip code, and city.**",False,"For the department “DP OF FACILITIES,” for each building and each floor within that building (including rollup subtotal rows by building and a grand total row), what are the total number of rooms, the total room area, and the average room area, along with the building name and access level, and (only for non-rollup floor rows) the building’s zip code and city, sorted by building key, floor key, zip code, and city?",True,"Can you show me, for the DP OF FACILITIES department, a breakdown by building and floor of how many rooms there are, the total room area, and the average room size, along with the building name, access level, and the building’s city and zip code—and also include totals per building and an overall total?",False,"For the department “DP OF FACILITIES,” list each building key and floor key, the number of rooms, total area, and average area per floor, along with the building name and access level, plus the zip code and city (only for the regular floor rows). Include subtotals for each building and a grand total across all buildings, and don’t show zip code or city on the subtotal or grand total rows. Numbers of rooms and area should be rounded to integers and formatted using commas as thousands separators.",False,"List each building key and floor key within the department of facilities, the number of rooms, total area, average area per floor, building name, access level, zip code, and city. Include subtotals for each building and a grand total across all buildings. The subtotals and grand total should not include zip code or city. Numbers of rooms and area should be rounded to integers and formatted using commas as thousands separators. Use only records where the department name is exactly “DP OF FACILITIES”, and show the results sorted by building key, then floor key, then zip code, then city.",False
88,"SELECT * FROM (SELECT OFFER_DEPT_NAME AS DEPT, OFFER_SCHOOL_NAME AS SCHOOL, COURSE_NUMBER AS COURSE_NR, SUBJECT_TITLE AS TITLE, SUM(NUM_ENROLLED_STUDENTS) AS TOTAL_ENROLLED, lso.TERM_CODE, COUNT(DISTINCT CATALOG_ISBN) AS OWNERSHIP FROM LIBRARY_SUBJECT_OFFERED lso JOIN LIBRARY_RESERVE_MATRL_DETAIL lrmd ON lrmd.LIBRARY_SUBJECT_OFFERED_KEY = lso.LIBRARY_SUBJECT_OFFERED_KEY JOIN LIBRARY_RESERVE_CATALOG lrc ON lrc.LIBRARY_RESERVE_CATALOG_KEY = lrmd.LIBRARY_RESERVE_CATALOG_KEY GROUP BY OFFER_DEPT_NAME, OFFER_SCHOOL_NAME, COURSE_NUMBER, SUBJECT_TITLE, lso.TERM_CODE) AS SubQuery UNION ALL SELECT 'TOTAL:', NULL, NULL, NULL, SUM(NUM_ENROLLED_STUDENTS), NULL, COUNT(DISTINCT CATALOG_ISBN) FROM LIBRARY_SUBJECT_OFFERED lso JOIN LIBRARY_RESERVE_MATRL_DETAIL lrmd ON lrmd.LIBRARY_SUBJECT_OFFERED_KEY = lso.LIBRARY_SUBJECT_OFFERED_KEY JOIN LIBRARY_RESERVE_CATALOG lrc ON lrc.LIBRARY_RESERVE_CATALOG_KEY = lrmd.LIBRARY_RESERVE_CATALOG_KEY JOIN ACADEMIC_TERM_PARAMETER acp ON lso.TERM_CODE = acp.TERM_CODE WHERE IS_CURRENT_TERM = 'Y' GROUP BY IS_CURRENT_TERM ORDER BY DEPT, COURSE_NR, TITLE, TERM_CODE;","List the department, school, course number, subject title, total number of enrolled students, term code, and count of distinct catalog ISBNs. Add a summary row at the bottom showing the total number of students and distinct catalog ISBNs for the current term in the format of ('TOTAL:', null, null, null, total number of students, null, number of distinct catalog ISBNs).","For each combination of department, school, course number, subject title, and term code, what is the total number of enrolled students and the number of distinct catalog ISBNs on reserve, and then (in the same output) add a final “TOTAL:” row showing the overall total enrolled students and distinct catalog ISBN count for the current term only (where the term is marked as current), with the results ordered by department, course number, subject title, and term code?","For each combination of department, school, course number, subject title, and term code, what is the total number of enrolled students and the number of distinct catalog ISBNs on reserve, and then (in the same output) add a final “TOTAL:” row showing the overall total enrolled students and distinct catalog ISBN count for the current term only (where the term is marked as current), with the results ordered by department, course number, subject title, and term code?",True,"List the department, school, course number, subject title, total number of enrolled students, term code, and count of distinct catalog ISBNs **for all rows by joining LIBRARY_SUBJECT_OFFERED to LIBRARY_RESERVE_MATRL_DETAIL and LIBRARY_RESERVE_CATALOG, and grouping by department, school, course number, subject title, and term code**. Add a summary row at the bottom showing the total number of students and distinct catalog ISBNs for the current term in the format of ('TOTAL:', null, null, null, total number of students, null, number of distinct catalog ISBNs) **by additionally joining ACADEMIC_TERM_PARAMETER and filtering to IS_CURRENT_TERM = 'Y', grouping by IS_CURRENT_TERM, combining the detail rows and the summary row using UNION ALL, and ordering the final output by department, course number, subject title, and term code**.",False,"For each combination of department, school, course number, subject title, and term code, what is the total number of enrolled students and the number of distinct catalog ISBNs on reserve, and then (in the same output) add a final “TOTAL:” row showing the overall total enrolled students and distinct catalog ISBN count for the current term only (where the term is marked as current), with the results ordered by department, course number, subject title, and term code?",True,"Can you show me, for each course (department, school, course number, title, and term), how many students are enrolled and how many unique reserve items (by ISBN) are listed, and also include a final total line with the overall enrolled students and unique ISBNs for the current term?",False,"List the department, school, course number, subject title, term code, the total number of enrolled students, and the count of distinct catalog ISBNs for each department/school/course/subject/term combination. Add a summary row at the bottom showing the total number of students and distinct catalog ISBNs for the current term only (where the term is marked as current) in the format of ('TOTAL:', null, null, null, total number of students, null, number of distinct catalog ISBNs), and sort the results by department, course number, subject title, and term code.",False,"List the department, school, course number, subject title, total number of enrolled students, term code, and count of distinct catalog ISBNs **for each department, school, course number, subject title, and term code**. Add a summary row at the bottom showing the total number of students and distinct catalog ISBNs for the current term in the format of ('TOTAL:', null, null, null, total number of students, null, number of distinct catalog ISBNs), **and sort the results by department, then course number, then subject title, then term code.**",False
89,"SELECT CASE WHEN LAG(OWNERSHIP_TYPE) OVER (ORDER BY OWNERSHIP_TYPE_gr DESC, ML) = OWNERSHIP_TYPE THEN NULL ELSE OWNERSHIP_TYPE END AS OWNERSHIP_TYPE, ML, nr_owner, nr_member FROM (SELECT CASE WHEN OWNER_TYPE IS NULL AND MOIRA_LIST_NAME IS NOT NULL THEN CONCAT(OWNER_TYPE, '1') ELSE CONCAT(OWNER_TYPE, '2') END AS OWNERSHIP_TYPE_gr, CASE WHEN MOIRA_LIST_NAME IS NULL AND OWNER_TYPE IS NOT NULL THEN 'SUBTOTAL' WHEN MOIRA_LIST_NAME IS NULL AND OWNER_TYPE IS NULL THEN 'TOTAL' ELSE OWNER_TYPE END AS OWNERSHIP_TYPE, MOIRA_LIST_NAME AS ML, COUNT(DISTINCT OWNER) AS nr_owner, COUNT(DISTINCT MOIRA_LIST_MEMBER_MIT_ID) AS nr_member FROM MOIRA_LIST_OWNER mlo JOIN MOIRA_LIST_DETAIL mld ON mld.MOIRA_LIST_OWNER_KEY = mlo.MOIRA_LIST_OWNER_KEY JOIN MOIRA_LIST ml ON ml.MOIRA_LIST_KEY = mld.MOIRA_LIST_KEY JOIN EMPLOYEE_DIRECTORY ON MIT_ID = MOIRA_LIST_MEMBER_MIT_ID WHERE department_name LIKE 'Computer Science%' GROUP BY OWNER_TYPE, MOIRA_LIST_NAME WITH ROLLUP ORDER BY OWNER_TYPE DESC, MOIRA_LIST_NAME) tbltmp;","For each mailing list that involves subscribers that work in departments with names starting with 'Computer Science', state the ownership type, the list name, the number of owners, and the number of subscribers. Display the ownership type only if it differs from the previous entry. Include subtotals (the corresponding type field shoud be 'SUBTOTAL') for each ownership type and a grand total (the corresponding type field shoud be 'TOTAL') across all ownership types.","For subscribers who are in departments with names starting with “Computer Science”, list for each ownership type and each list name the number of distinct owners and the number of distinct subscribers, and also include subtotals per ownership type and an overall total, with results ordered by ownership type (descending) and then list name.","For subscribers who are in departments with names starting with “Computer Science”, show a report grouped by ownership type and list name that counts the distinct owners and distinct subscribers, and also include subtotals for each ownership type and a grand total (i.e., include rows where the list name is missing to represent subtotals and where both ownership type and list name are missing to represent the overall total), with results ordered by ownership type in descending order and then by list name.",False,"For each mailing list that involves subscribers that work in departments with names starting with 'Computer Science', state the ownership type, the list name, the number of **distinct** owners, and the number of **distinct** subscribers. Display the ownership type only if it differs from the previous entry **when the results are ordered by ownership type descending and then list name**. Include subtotals (the corresponding type field shoud be 'SUBTOTAL') for each ownership type and a grand total (the corresponding type field shoud be 'TOTAL') across all ownership types. **Also include the detailed rows (where the type field is the actual ownership type) and show the list name as NULL for subtotal and total rows.**",False,"For subscribers who are in departments with names starting with “Computer Science”, list for each ownership type and each list name the number of distinct owners and the number of distinct subscribers, and also include subtotals per ownership type and an overall total, with results ordered by ownership type (descending) and then list name.",True,"Can you show me, for mailing lists that include people in Computer Science departments, how many owners and how many subscribers each list has, grouped by ownership type, and include subtotals by ownership type and a grand total?",False,"For each mailing list that involves subscribers that work in departments with names starting with 'Computer Science', state the ownership type, the list name, the number of owners, and the number of subscribers. Display the ownership type only if it differs from the previous entry. Include subtotals (the corresponding type field shoud be 'SUBTOTAL') for each ownership type and a grand total (the corresponding type field shoud be 'TOTAL') across all ownership types.",True,"For each mailing list that involves subscribers that work in departments with names starting with 'Computer Science', state the ownership type, the list name, the number of owners, and the number of subscribers. Display the ownership type only if it differs from the previous entry **when the results are sorted by ownership type from Z to A, and within each ownership type by list name from A to Z**. Include subtotals (the corresponding type field shoud be 'SUBTOTAL') for each ownership type and a grand total (the corresponding type field shoud be 'TOTAL') across all ownership types.",False
90,"WITH SponsorAndStartTime AS (SELECT isc.IAP_CATEGORY_NAME, isp.SPONSOR_NAME, iss.SESSION_START_TIME, COUNT(isp.SPONSOR_NAME) AS sponsor_count, COUNT(iss.SESSION_START_TIME) AS start_time_count FROM IAP_SUBJECT_CATEGORY isc JOIN IAP_SUBJECT_DETAIL isd ON isd.IAP_SUBJECT_CATEGORY_KEY = isc.IAP_SUBJECT_CATEGORY_KEY LEFT JOIN IAP_SUBJECT_SESSION iss ON isd.IAP_SUBJECT_SESSION_KEY = iss.IAP_SUBJECT_SESSION_KEY LEFT JOIN IAP_SUBJECT_SPONSOR isp ON isd.IAP_SUBJECT_SPONSOR_KEY = isp.IAP_SUBJECT_SPONSOR_KEY GROUP BY isc.IAP_CATEGORY_NAME, isp.SPONSOR_NAME, iss.SESSION_START_TIME), MostCommonDetails AS (SELECT IAP_CATEGORY_NAME, (SELECT SPONSOR_NAME FROM SponsorAndStartTime WHERE IAP_CATEGORY_NAME = sast.IAP_CATEGORY_NAME GROUP BY SPONSOR_NAME ORDER BY COUNT(*) DESC LIMIT 1) AS most_common_sponsor, (SELECT SESSION_START_TIME FROM SponsorAndStartTime WHERE IAP_CATEGORY_NAME = sast.IAP_CATEGORY_NAME GROUP BY SESSION_START_TIME ORDER BY COUNT(*) DESC LIMIT 1) AS most_common_start_time FROM SponsorAndStartTime sast GROUP BY IAP_CATEGORY_NAME), CategorySummary AS (SELECT isc.IAP_CATEGORY_NAME AS TYPE, COUNT(DISTINCT isd.IAP_SUBJECT_SESSION_KEY) AS nr_sessions, FORMAT(SUM(isd.MAX_ENROLLMENT), 0) AS total_attend, MIN(isd.TERM_CODE) AS first_active_year, MAX(isd.TERM_CODE) AS last_active_year, mcd.most_common_sponsor, mcd.most_common_start_time FROM IAP_SUBJECT_CATEGORY isc JOIN IAP_SUBJECT_DETAIL isd ON isd.IAP_SUBJECT_CATEGORY_KEY = isc.IAP_SUBJECT_CATEGORY_KEY LEFT JOIN MostCommonDetails mcd ON isc.IAP_CATEGORY_NAME = mcd.IAP_CATEGORY_NAME GROUP BY isc.IAP_CATEGORY_NAME, mcd.most_common_sponsor, mcd.most_common_start_time) SELECT TYPE, nr_sessions, total_attend, CONCAT(first_active_year, '-', last_active_year) AS active_years, most_common_sponsor, most_common_start_time FROM CategorySummary UNION ALL SELECT 'TOTAL', COUNT(DISTINCT IAP_SUBJECT_SESSION_KEY), FORMAT(SUM(MAX_ENROLLMENT), 0), NULL, NULL, NULL FROM IAP_SUBJECT_DETAIL ORDER BY TYPE;","For each IAP category, list its name, number of unique sessions, total number of attendees, active period (in the format of 'beginning term code-end term code'), the most common sponsor name, and the most common session start time. Include a grand total row showing the total number of sessions and attendees across all categories in the format of ('TOTAL', number of sessions, number of attendees, null, null, null).","For each subject category name, what is the number of distinct sessions, the total maximum enrollment (attendees) across all its offerings, the active period shown as the earliest to latest term code, and the most common sponsor name and most common session start time—and also include an overall “TOTAL” row with the distinct session count and total maximum enrollment across all categories, with results ordered by category name?","For each subject category name, return: (1) the number of distinct sessions, (2) the total of maximum enrollment (attendees) summed across all offerings, (3) the active period as “earliest term code – latest term code”, (4) the single most common sponsor name within that category (the sponsor name that appears most often across the category’s offerings), and (5) the single most common session start time within that category (the start time that appears most often across the category’s offerings). Also append an overall “TOTAL” row that shows only the distinct session count and total maximum enrollment across all offerings (leave the active period, most common sponsor, and most common start time blank/null for the TOTAL row). Order the final output by the category label so that the TOTAL row is included in that ordering.",False,"For each IAP category, list its name, number of **distinct** sessions, total number of attendees **(as the sum of MAX_ENROLLMENT, formatted with thousands separators)**, active period (in the format of 'beginning term code-end term code' where the beginning term code is the **minimum** TERM_CODE and the end term code is the **maximum** TERM_CODE), the most common sponsor name **(the sponsor name with the highest frequency within that category; if needed, break ties by returning the first one when ordered by frequency descending and applying LIMIT 1)**, and the most common session start time **(the session start time with the highest frequency within that category; if needed, break ties by returning the first one when ordered by frequency descending and applying LIMIT 1)**. Include a grand total row showing the total number of sessions and attendees across all categories in the format of ('TOTAL', number of **distinct** sessions, number of attendees **(sum of MAX_ENROLLMENT, formatted with thousands separators)**, null, null, null), and order the final output by the category name/type (so 'TOTAL' appears in that ordering).",False,"For each subject category name, what is the number of distinct sessions, the total maximum enrollment (attendees) across all its offerings, the active period shown as the earliest to latest term code, and the most common sponsor name and most common session start time—and also include an overall “TOTAL” row with the distinct session count and total maximum enrollment across all categories, with results ordered by category name?",True,"Can you give me a summary by subject category showing how many sessions we’ve offered, the total number of available seats, the range of terms it’s been active (first to most recent), and the sponsor and start time that show up most often for that category—plus an overall total at the bottom?",False,"For each IAP category, list its name, number of unique sessions, total number of attendees, active period (in the format of 'beginning term code-end term code'), the most common sponsor name, and the most common session start time. Include a grand total row showing the total number of sessions and attendees across all categories in the format of ('TOTAL', number of sessions, number of attendees, null, null, null).",True,"For each IAP category, list its name, number of unique sessions, total number of attendees, active period (in the format of 'beginning term code-end term code'), the most common sponsor name, and the most common session start time. Include a grand total row showing the total number of sessions and attendees across all categories in the format of ('TOTAL', number of sessions, number of attendees, null, null, null). Sort the results by the category name, with the TOTAL row included in that same ordering.",False
91,"SELECT * FROM (SELECT CASE WHEN BUILDING_TYPE = 'RESIDENT' THEN 'RESIDENTIAL' ELSE BUILDING_TYPE END AS TYPE, COUNT(DISTINCT COALESCE(PARENT_BUILDING_NUMBER, FCLT_BUILDING_KEY)) AS BUILDINGS, COUNT(DISTINCT MIT_ID) AS MIT_ID_COUNT, COUNT(DISTINCT BUILDINGS.BUILDING_STREET_ADDRESS) AS ADDRESS_COUNT, COUNT(DISTINCT fac_building_address.CITY) AS CITY_COUNT, COUNT(DISTINCT fac_building_address.STATE) AS STATE_COUNT, COUNT(DISTINCT fac_building_address.POSTAL_CODE) AS POSTAL_CODE_COUNT, SUM(FLOOR.EXT_GROSS_AREA)/NULLIF(COUNT(DISTINCT MIT_ID), 0) AS AVG_AREA FROM FCLT_BUILDING_HIST FLOOR JOIN fac_building_address ON FLOOR.fclt_building_key = fac_building_address.BUILDING_KEY JOIN BUILDINGS ON BUILDINGS.BUILDING_KEY = fac_building_address.BUILDING_KEY JOIN FAC_ROOMS fr ON fr.BUILDING_KEY = BUILDINGS.BUILDING_KEY JOIN EMPLOYEE_DIRECTORY e ON e.OFFICE_LOCATION = fr.FAC_ROOM_KEY WHERE fac_building_address.ADDRESS_PURPOSE = 'STREET' GROUP BY BUILDING_TYPE ORDER BY BUILDING_TYPE ASC) AS subquery1 UNION ALL SELECT 'TOTAL', COUNT(DISTINCT COALESCE(PARENT_BUILDING_NUMBER, FCLT_BUILDING_KEY)), COUNT(DISTINCT MIT_ID), COUNT(DISTINCT BUILDINGS.BUILDING_STREET_ADDRESS), COUNT(DISTINCT fac_building_address.CITY), COUNT(DISTINCT fac_building_address.STATE), COUNT(DISTINCT fac_building_address.POSTAL_CODE), SUM(FLOOR.EXT_GROSS_AREA)/NULLIF(COUNT(DISTINCT MIT_ID), 0) FROM FCLT_BUILDING_HIST FLOOR JOIN fac_building_address ON FLOOR.fclt_building_key = fac_building_address.BUILDING_KEY JOIN BUILDINGS ON BUILDINGS.BUILDING_KEY = fac_building_address.BUILDING_KEY JOIN FAC_ROOMS fr ON fr.BUILDING_KEY = BUILDINGS.BUILDING_KEY JOIN EMPLOYEE_DIRECTORY e ON e.OFFICE_LOCATION = fr.FAC_ROOM_KEY WHERE fac_building_address.ADDRESS_PURPOSE = 'STREET';","For each building type, list the name of the building type, the number of buildings that are not subdivisions, number of employees, number of unique building street address, number of unique city, number of unique state, number of unique postal code, and average gross square footage per employee. For building type of 'resident', display it as 'RESIDENTIAL'. Include a grand total across all building types (the corresponding type field is 'TOTAL').","For each building type (treat “RESIDENT” as “RESIDENTIAL”), considering only street addresses, what are: (1) the number of distinct buildings that are not subdivisions (counting a building by its parent building number when present, otherwise by its building key), (2) the number of distinct employees with offices in rooms in those buildings, (3) the number of distinct street addresses, cities, states, and postal codes, and (4) the average gross square footage per employee (total gross square footage divided by distinct employees); and also include an overall TOTAL row for all building types, with results ordered by building type ascending?","For each building type (treat “RESIDENT” as “RESIDENTIAL”), considering only street addresses, what are: (1) the number of distinct buildings that are not subdivisions (counting a building by its parent building number when present, otherwise by its building key), (2) the number of distinct employees with offices in rooms in those buildings, (3) the number of distinct street addresses, cities, states, and postal codes, and (4) the average gross square footage per employee (total gross square footage divided by distinct employees); and also include an overall TOTAL row for all building types, with results ordered by building type ascending?",True,"For each building type, list the name of the building type, the number of buildings that are not subdivisions, number of employees, number of unique building street address, number of unique city, number of unique state, number of unique postal code, and average gross square footage per employee, **considering only rows where the address purpose is 'STREET'**. For building type of 'resident', display it as 'RESIDENTIAL'. Include a grand total across all building types (the corresponding type field is 'TOTAL'). **Group by building type, order the per-building-type results by building type ascending, and compute “buildings that are not subdivisions” as COUNT(DISTINCT COALESCE(PARENT_BUILDING_NUMBER, FCLT_BUILDING_KEY)).**",False,"For each building type (treat “RESIDENT” as “RESIDENTIAL”), considering only street addresses, what are: (1) the number of distinct buildings that are not subdivisions (counting a building by its parent building number when present, otherwise by its building key), (2) the number of distinct employees with offices in rooms in those buildings, (3) the number of distinct street addresses, cities, states, and postal codes, and (4) the average gross square footage per employee (total gross square footage divided by distinct employees); and also include an overall TOTAL row for all building types, with results ordered by building type ascending?",True,"Can you show a summary by building type (with Residential grouped together) of how many buildings we have, how many employees have offices in them, how many unique street addresses/cities/states/ZIP codes those buildings cover, and the average gross square footage per employee—plus an overall total across all building types?",False,"For each building type, looking only at street addresses, list the name of the building type, the number of buildings that are not subdivisions (count a building by its parent building number when it has one, otherwise by its building key), number of employees with offices in rooms in those buildings, number of unique building street addresses, number of unique cities, number of unique states, number of unique postal codes, and average gross square footage per employee (total gross square footage divided by the number of employees). For building type of “resident”, display it as “RESIDENTIAL”. Include a grand total across all building types (the corresponding type field is “TOTAL”).",False,"For each building type, list the name of the building type, the number of buildings that are not subdivisions, number of employees, number of unique building street address, number of unique city, number of unique state, number of unique postal code, and average gross square footage per employee, **only counting street addresses (where the address purpose is “STREET”)**, and **show the building types in ascending alphabetical order**. For building type of 'resident', display it as 'RESIDENTIAL'. Include a grand total across all building types (the corresponding type field is 'TOTAL').",False
92,"SELECT CASE WHEN LAG(assign) OVER (ORDER BY assign) = assign THEN NULL ELSE assign END AS assign, CASE WHEN LAG(muse) OVER (ORDER BY assign, muse_sort) = muse THEN NULL ELSE muse END AS muse, rmuse, rmcnt, area, area_avg FROM (SELECT CASE WHEN ACCESS_LEVEL IS NULL THEN 'TOTAL' ELSE ACCESS_LEVEL END AS assign, CASE WHEN su2.SPACE_USAGE IS NULL AND ACCESS_LEVEL IS NOT NULL THEN 'SUBTOTAL' ELSE su2.SPACE_USAGE END AS muse, CASE WHEN su2.SPACE_USAGE IS NULL AND ACCESS_LEVEL IS NOT NULL THEN 'zzz' ELSE su2.SPACE_USAGE END AS muse_sort, CASE WHEN DLC_NAME IS NULL AND su2.SPACE_USAGE IS NOT NULL THEN 'SUBTOTAL' ELSE DLC_NAME END AS rmuse, CASE WHEN DLC_NAME IS NULL AND su2.SPACE_USAGE IS NOT NULL THEN 'zzz' ELSE DLC_NAME END AS rmuse_sort, FORMAT(COUNT(DISTINCT SPACE_UNIT), 0) AS rmcnt, FORMAT(SUM(ROOM_SQUARE_FOOTAGE), 0) AS area, FORMAT(AVG(ROOM_SQUARE_FOOTAGE), 0) AS area_avg FROM SPACE_UNIT su JOIN (SELECT * FROM SPACE_DETAIL WHERE BUILDING_KEY = '32') sd ON sd.SPACE_UNIT_KEY = su.SPACE_UNIT_KEY JOIN SPACE_USAGE su2 ON su2.SPACE_USAGE_KEY = sd.SPACE_USAGE_KEY JOIN (SELECT * FROM ZPM_ROOMS_LOAD WHERE BUILDING_COMPONENT = '32') zrl ON zrl.SPACE_UNIT_CODE = su.SPACE_UNIT_CODE JOIN FCLT_ORGANIZATION fo ON fo.FCLT_ORGANIZATION_KEY = su.FCLT_ORGANIZATION_KEY WHERE su2.SPACE_USAGE NOT LIKE '%STORAGE%' GROUP BY ACCESS_LEVEL, su2.SPACE_USAGE, DLC_NAME WITH ROLLUP ORDER BY assign, muse_sort, rmuse_sort) tbltmp;","Group spaces in the Stata building by the access level and usage type. For each group, state the access level, usage type, name of the space, the number of spaces, total area across all rooms in the space, and average area across all rooms in the space. Display the access level only if it differs from the previous entry. Include subtotals for each access level, usage type, and space name, subtotals for each access level, and a grand total across all access levels. Exclude usage type that includes ""STORAGE"". All numerical values should be rounded to integers and formatted using commas as thousands separators.","For Stata building 32, excluding any spaces whose usage type contains “STORAGE”, show a rollup report grouped by access level, then by usage type, then by the name of the space, including subtotals per usage type within each access level and a grand total; for each group, report the distinct count of spaces, the total area, and the average area, ordered by access level, then usage type, then space name.","The report should be for Stata building 32, and it should include only rooms that are present in both the building’s space details and the building’s room-load list for building component 32 (i.e., keep only spaces that match in both sources). Exclude any spaces whose usage type contains “STORAGE”. Then produce a rollup report grouped by access level, then by usage type, then by the name of the space, including subtotals per usage type within each access level and a grand total. For each group, report the distinct count of spaces, the total area, and the average area, ordered by access level, then usage type, then space name.",False,"Group spaces in the Stata building **(BUILDING_KEY = '32' and BUILDING_COMPONENT = '32')** by the access level and usage type. For each group, state the access level, usage type, name of the space, the number of spaces, total area across all rooms in the space, and average area across all rooms in the space. Display the access level only if it differs from the previous entry. **Also display the usage type only if it differs from the previous entry (when ordered by access level then usage type).** Include subtotals for each access level, usage type, and space name, subtotals for each access level, and a grand total across all access levels. Exclude usage type that includes ""STORAGE"". All numerical values should be rounded to integers and formatted using commas as thousands separators. **Treat NULL access level as ""TOTAL""; treat NULL usage type (when access level is not NULL) as ""SUBTOTAL""; treat NULL space name (when usage type is not NULL) as ""SUBTOTAL"". Order the output by access level, then usage type, then space name (with subtotals sorted last within each level).**",False,"For Stata building 32, join the spaces to their room details, usage type, access level records (restricted to building component 32), and organization name; exclude any spaces whose usage type contains “STORAGE”; then produce a rollup report grouped by access level, then by usage type, then by the name of the space, including subtotals per usage type within each access level and a grand total. For each group, report the distinct count of spaces, the total area, and the average area, and format these three values as whole numbers with thousands separators. Order the results by access level, then usage type (with subtotals listed after the usage types), then space name (with subtotals listed after the names), and suppress repeated display of the same access level and usage type on consecutive rows.",False,"Can you show me a summary for the Stata building (32) of how many rooms we have and their total and average square footage, broken down by access level, then by room usage type, and then by the organization/space name—excluding any rooms marked as storage—and include subtotals and an overall total?",False,"Group spaces in the Stata building (building 32) by the access level and usage type, using only spaces that show up in both the building’s space details and the building’s room-load list for building component 32. For each group, state the access level, usage type, name of the space, the number of spaces, total area across all rooms in the space, and average area across all rooms in the space. Display the access level only if it differs from the previous entry. Include subtotals for each access level, usage type, and space name, subtotals for each access level, and a grand total across all access levels. Exclude usage type that includes ""STORAGE"". All numerical values should be rounded to integers and formatted using commas as thousands separators.",False,"Group spaces in the Stata building by the access level and usage type. For each group, state the access level, usage type, name of the space, the number of spaces, total area across all rooms in the space, and average area across all rooms in the space. Display the access level only if it differs from the previous entry, and display the usage type only if it differs from the previous entry within the same access level. Include subtotals for each access level, usage type, and space name, subtotals for each access level, and a grand total across all access levels. Exclude usage type that includes ""STORAGE"". All numerical values should be rounded to integers and formatted using commas as thousands separators. Sort the results by access level, then usage type, then space name.",False
93,"SELECT SUBSTR(organization_sort, 5, 2) AS breakgrp, organization_id, organization_name, CASE WHEN organization_level = 4 THEN ' ' || organization_name WHEN organization_level = 5 THEN ' ' || organization_name WHEN organization_level = 6 THEN ' ' || organization_name ELSE organization_name END AS formatted_name, CASE WHEN EMERITUS_STATUS = 'Emeritus' THEN 'EMERITUS' ELSE 'NON-EMERITUS' END AS assign, organization_number, organization_level, (SELECT COUNT(DISTINCT hfr2.MIT_ID) AS employer_count FROM HR_FACULTY_ROSTER hfr2 WHERE hfr2.HR_ORG_UNIT_TITLE=hou.HR_ORG_UNIT_TITLE) , HIERARCHY_TYPE, organization_sort FROM FCLT_ORGANIZATION JOIN MASTER_DEPT_HIERARCHY ON FCLT_ORGANIZATION.DLC_KEY = MASTER_DEPT_HIERARCHY.DLC_KEY JOIN HR_ORG_UNIT hou on hou.DLC_KEY=FCLT_ORGANIZATION.DLC_KEY JOIN HR_FACULTY_ROSTER hfr ON hfr.HR_ORG_UNIT_TITLE=hou.HR_ORG_UNIT_TITLE WHERE organization_level IN ('3', '4', '5', '6') AND organization_id NOT IN ('139', '250') ORDER BY HIERARCHY_TYPE","List each organization's break group, ID, name, and formatted name according to its level, along with whether its members are emeritus or non-emeritus. Also, include the organization number, level, employer count, and hierarchy type for each organization. Exclude organizations '139' and '250'. Sort the results by hierarchy type and ensure totals for employer counts are displayed.","List all organizations at levels 3–6 (excluding organization IDs 139 and 250), showing for each the break group (characters 5–6 of the break group code), organization ID, organization name (also formatted with a leading space for levels 4–6), whether the associated faculty are Emeritus vs Non‑Emeritus, the organization number, the organization level, the count of distinct employers in the same HR organization unit, the hierarchy type, and the full break group code, ordered by hierarchy type.","The question should also specify that the Emeritus vs Non‑Emeritus label is determined per row from the faculty roster record associated to the organization’s HR organization unit title (i.e., based on each linked faculty member’s Emeritus status), and that the distinct employer count is computed via a separate subquery counting distinct employers for that same HR organization unit title (not grouped by organization).",False,"List each organization's break group **(as SUBSTR(organization_sort, 5, 2))**, ID, name, and formatted name according to its level **(prefix the organization_name with a single leading space when organization_level is 4, 5, or 6; otherwise leave it unchanged)**, along with whether its members are emeritus or non-emeritus **(derive assign as 'EMERITUS' when EMERITUS_STATUS = 'Emeritus', else 'NON-EMERITUS')**. Also, include the organization number, level, employer count **(COUNT(DISTINCT MIT_ID) per HR_ORG_UNIT_TITLE)**, and hierarchy type for each organization. **Only include organizations with organization_level in ('3','4','5','6').** Exclude organizations '139' and '250'. Sort the results by hierarchy type and ensure totals for employer counts are displayed.",False,"The question should specify that the Emeritus vs Non‑Emeritus label is determined per faculty roster record (so an organization can appear multiple times if it has both Emeritus and Non‑Emeritus faculty), and that the distinct employer count is computed as a correlated subquery counting distinct employers within the same HR organization unit title (not grouped by organization).",False,"Can you show me a list of departments/organizations (levels 3–6), excluding IDs 139 and 250, with their ID, name, level, org number, hierarchy type, break group, whether they’re Emeritus or not, and how many unique faculty are in each HR org unit?",False,"List each organization's break group, ID, name, and formatted name according to its level, along with whether the linked faculty member is emeritus or non-emeritus (based on that person’s emeritus status in the faculty roster for the organization’s HR org unit title). Also, include the organization number, level, the employer count (counting unique employers for that same HR org unit title), and hierarchy type for each organization. Exclude organizations '139' and '250'. Sort the results by hierarchy type and ensure totals for employer counts are displayed.",False,"List each organization's break group, ID, name, and formatted name according to its level, along with whether its members are emeritus or non-emeritus. Also, include the organization number, level, employer count, and hierarchy type for each organization, and also include the organization sort value. Only include organizations whose level is 3, 4, 5, or 6. Exclude organizations '139' and '250'. Sort the results by hierarchy type. For the employer count, count the number of different employers within the same HR org unit title as the organization.",False
94,"select distinct ccso.subject_title, building_name, ccso.duration, avg(duration) over (partition by ccso.academic_year order by ccso.term_start_date rows between 2 preceding and 2 following) from (select distinct subject_title, term_start_date, term_end_date-term_start_date as duration, cis.academic_year, meet_place from academic_terms join COURSE_CATALOG_SUBJECT_OFFERED cis on cis.effective_term_code=academic_terms.term_code) ccso JOIN FCLT_ROOMS fr ON ccso.MEET_PLACE = fr.FCLT_ROOM_KEY JOIN FCLT_BUILDING fb ON fb.FCLT_BUILDING_KEY = fr.FCLT_BUILDING_KEY;","For each course, list its title, name of the building of the course location, duration (in terms of days), and a running average of the duration (in terms of days) using a window of two preceding and two following courses (partitioned by academic year and sorted by course start date).","For each academic year, list each distinct course subject title along with the name of the building where it meets and the term duration (end date minus start date), and also show the 5-term moving average of term duration within that academic year (averaged over the current term plus the two preceding and two following terms when ordered by term start date).","For each academic year, list each distinct course subject title along with the name of the building where it meets and the term duration (term end date minus term start date), and also show the 5-term moving average of term duration within that academic year (averaged over the current term plus the two preceding and two following terms when ordered by term start date), including only terms that can be linked to a course offering by its effective term and only meetings that can be linked to a room and then to its building.",False,"For each course, list its title, name of the building of the course location, duration (in terms of days) **computed as term end date minus term start date**, and a running average of the duration (in terms of days) using a window of two preceding and two following courses (partitioned by academic year and sorted by course start date) **and return only distinct rows**.",False,"For each academic year, list each distinct course subject title along with the name of the building where it meets and the term duration (end date minus start date), and also show the 5-term moving average of term duration within that academic year (averaged over the current term plus the two preceding and two following terms when ordered by term start date).",True,"Can you show me, by academic year, each course subject and the building it meets in, along with how long the term lasts, and the average term length around that time (based on the nearby terms)?",False,"For each academic year, for each course, list its title, the name of the building where it meets, the duration (in days, based on term end date minus term start date), and a running average of the duration (in days) using a window of the current course plus the two preceding and two following courses, sorted by course start date.",False,"For each course, list its title, name of the building of the course location, duration (in terms of days), and a running average of the duration (in terms of days) using a window of two preceding and two following courses (partitioned by academic year and sorted by course start date), and don’t show duplicate rows.",False
95,"SELECT ccso.subject_title, fb.BUILDING_NAME_LONG AS building_name, at.TERM_START_DATE AS term_start_date, lag(ccso.subject_title) OVER ( ORDER BY at.TERM_START_DATE ASC, ccso.subject_title ASC ) AS previous_subject_title, lead(ccso.subject_title) OVER ( ORDER BY at.TERM_START_DATE ASC, ccso.subject_title ASC ) AS next_subject_title, fb.ACCESS_LEVEL_NAME AS access_level, fr.AREA AS room_assignable_area FROM ( SELECT DISTINCT subject_id, subject_title, effective_term_code, meet_place FROM COURSE_CATALOG_SUBJECT_OFFERED ) ccso JOIN ACADEMIC_TERMS at ON at.TERM_CODE = ccso.effective_term_code JOIN FCLT_ROOMS fr ON ccso.MEET_PLACE = fr.FCLT_ROOM_KEY JOIN FCLT_BUILDING fb ON fb.FCLT_BUILDING_KEY = fr.FCLT_BUILDING_KEY ORDER BY at.TERM_START_DATE ASC, ccso.subject_title ASC;","For each course, list its name, name of the building of the course location, the start date, the name of the course before it, and the name of the course after it, access level of the building, and the assignable area of the room used for the course, sorted by the ascending order start date and course name.","List each course name along with its term start date, the name of the building where it meets, that building’s access level, and the room’s assignable area, and also show the previous and next course name in sequence when ordering all courses by term start date (earliest to latest) and then by course name (A–Z).","What are the distinct course names, each course’s term start date, the name of the building where it meets, that building’s access level, and the room’s assignable area, and for each course also show the immediately previous and immediately next course name when all courses are ordered by term start date from earliest to latest and then by course name from A to Z, with the final results listed in that same order?",False,"For each course, list its name, name of the building of the course location, the start date, the name of the course before it, and the name of the course after it **(where “before” and “after” are the previous and next course names computed using LAG and LEAD over an ordering by ascending start date and then ascending course name)**, access level of the building, and the assignable area of the room used for the course, sorted by the ascending order start date and course name. **Use DISTINCT courses based on subject_id, subject_title, effective_term_code, and meet_place, and join ACADEMIC_TERMS on TERM_CODE = effective_term_code and join FCLT_ROOMS on MEET_PLACE = FCLT_ROOM_KEY.**",False,"What are the distinct course names, and for each one list its term start date, the name of the building where it meets, that building’s access level, and the room’s assignable area, and also show the previous and next course name in sequence when ordering all courses by term start date (earliest to latest) and then by course name (A–Z), with the final results sorted in that same order?",False,"Can you show me a list of courses with their term start date, where they meet (building name), the building’s access level, and the room’s assignable area—and also include the course listed right before and right after each one in the schedule order?",False,"For each course, list its name, the term start date, the name of the building where it meets, the building’s access level, and the assignable area of the room used for the course, and also show the course name immediately before it and immediately after it when all courses are ordered by start date and then course name, sorted by ascending start date and course name.",False,"For each course, list its name, name of the building of the course location, the start date, the name of the course before it, and the name of the course after it, access level of the building, and the assignable area of the room used for the course, sorted by the ascending order start date and course name, only counting each unique course offering once (so duplicates are removed).",False
96,"select distinct subject_title, building_name, count(ccso.subject_id) over (partition by ccso.academic_year order by term_start_date asc range between unbounded preceding and current row) from COURSE_CATALOG_SUBJECT_OFFERED ccso join academic_terms on ccso.effective_term_code =academic_terms.term_code JOIN FCLT_ROOMS fr ON ccso.MEET_PLACE = fr.FCLT_ROOM_KEY JOIN FCLT_BUILDING fb ON fb.FCLT_BUILDING_KEY = fr.FCLT_BUILDING_KEY","For each course, list its name, name of the building of the course location, and the cumulative number of courses, including the course itself, held in the same year or preceding years (partitioned by academic year and sorted in the ascending order of course start date).","For each academic year, list each course name and the name of the building where it meets, along with the running cumulative count of courses in that academic year ordered by course start date from earliest up to that course start date.","For each academic year, list each course name and the name of the building where it meets, along with the running cumulative count of courses in that academic year ordered by course start date from earliest up to that course start date.",True,"For each course, list its name, name of the building of the course location, and the cumulative number of courses, including the course itself, held in the same academic year (partitioned by academic year and sorted in the ascending order of course start date, using a window count over courses with a frame of RANGE BETWEEN UNBOUNDED PRECEDING AND CURRENT ROW), and return only distinct rows.",False,"For each academic year, list each course name and the name of the building where it meets, along with the running cumulative count of courses within that academic year, ordered by course start date from earliest up to that course start date (including all earlier courses), and return only distinct rows.",False,"For each academic year, can you show me the courses and which building they meet in, and also how many courses have started so far that year as of each term’s start date?",False,"For each academic year, list each course’s name, the name of the building where the course meets, and the running total number of courses in that same academic year up through that course’s start date (sorted by course start date from earliest to latest).",False,"For each course, list its name, name of the building of the course location, and the cumulative number of courses, including the course itself, held in the same year or preceding years (partitioned by academic year and sorted in the ascending order of course start date), and don’t repeat identical rows.",False
97,"SELECT CASE WHEN LAG(assign) OVER (ORDER BY IS_CURRENT_TERM DESC, assign, CLUSTER_TYPE ASC) = assign THEN NULL ELSE assign END AS assign, CLUSTER_TYPE, max_duration, max_units, avg_dur, avg_unit FROM ( SELECT CASE WHEN GROUPING(CLUSTER_TYPE) = 1 AND GROUPING(IS_CURRENT_TERM) = 0 THEN 'SUBTOTAL' WHEN GROUPING(CLUSTER_TYPE) = 1 AND GROUPING(IS_CURRENT_TERM) = 1 THEN 'TOTAL' ELSE CASE WHEN IS_CURRENT_TERM = 'Y' THEN 'CURRENT' ELSE 'NON-CURRENT' END END AS assign, IS_CURRENT_TERM, CLUSTER_TYPE, MAX(DATEDIFF(STR_TO_DATE(term_end_date, '%d-%b-%y'), STR_TO_DATE(term_start_date, '%d-%b-%y'))) AS max_duration, MAX(TOTAL_UNITS) AS max_units, AVG(DATEDIFF(STR_TO_DATE(term_end_date, '%d-%b-%y'), STR_TO_DATE(term_start_date, '%d-%b-%y'))) AS avg_dur, AVG(TOTAL_UNITS) AS avg_unit FROM SUBJECT_SUMMARY ss JOIN ACADEMIC_TERMS_ALL ata ON ata.TERM_CODE = ss.TERM_CODE WHERE CLUSTER_TYPE IS NOT NULL AND ss.department_name IN ('Chemistry', 'Biology') GROUP BY IS_CURRENT_TERM, CLUSTER_TYPE WITH ROLLUP ORDER BY IS_CURRENT_TERM DESC, assign, CLUSTER_TYPE ASC ) tbltmp;","Group courses in the biology and chemistry department by whether they are current or not and the cluster type. For each group, list the current status ('CURRENT' if yes and 'NON-CURRENT' otherwise), cluster type, the maximum duration of courses (in terms of days), the maximum units, average duration (in terms of days), and average units. Include subtotals for each current status (the corresponding current status field is 'SUBTOTAL') and a grand total across all current status (the corresponding current status field is 'TOTAL'). Do not repeat the current status if it is the same as the previous row. Sort the table by current status and cluster type.","For the Biology and Chemistry departments only, and only where a cluster type is present, show for each cluster type split by whether the term is current vs non-current: the maximum term duration (end date minus start date), the maximum units, the average term duration, and the average units—also include subtotals per current/non-current and an overall total, and sort with current terms first, then by current/non-current label and cluster type.","For the Biology and Chemistry departments only, and only where a cluster type is present, show for each cluster type split by whether the term is current vs non-current: the maximum term duration (end date minus start date), the maximum units, the average term duration, and the average units—also include subtotals per current/non-current and an overall total, and sort with current terms first, then by current/non-current label and cluster type.",True,"Group courses in the biology and chemistry department **(i.e., where department_name is in ('Chemistry','Biology'))** by whether they are current or not and the cluster type, **excluding rows where cluster type is NULL**. For each group, list the current status ('CURRENT' if yes and 'NON-CURRENT' otherwise), cluster type, the maximum duration of courses (in terms of days), the maximum units, average duration (in terms of days), and average units. Include subtotals for each current status (the corresponding current status field is 'SUBTOTAL') and a grand total across all current status (the corresponding current status field is 'TOTAL'). Do not repeat the current status if it is the same as the previous row. Sort the table by current status **with CURRENT before NON-CURRENT**, and cluster type.",False,"For the Biology and Chemistry departments only, and only where a cluster type is present, show for each cluster type split by whether the term is current vs non-current: the maximum term duration (end date minus start date), the maximum units, the average term duration, and the average units—also include subtotals per current/non-current and an overall total, and sort with current terms first, then by current/non-current label and cluster type.",True,"Can you show me, for the Biology and Chemistry departments, how term length and units compare by cluster type—separating current terms from non-current terms—and include summary totals for each group and overall?",False,"Group courses in the biology and chemistry department by whether they are current or not and the cluster type, only including rows where a cluster type is present. For each group, list the current status ('CURRENT' if yes and 'NON-CURRENT' otherwise), cluster type, the maximum duration of courses (in terms of days), the maximum units, average duration (in terms of days), and average units. Include subtotals for each current status (the corresponding current status field is 'SUBTOTAL') and a grand total across all current status (the corresponding current status field is 'TOTAL'). Do not repeat the current status if it is the same as the previous row. Sort the table by current status and cluster type, with current terms first.",False,"Group courses in the biology and chemistry department by whether they are current or not and the cluster type. For each group, list the current status ('CURRENT' if yes and 'NON-CURRENT' otherwise), cluster type, the maximum duration of courses (in terms of days), the maximum units, average duration (in terms of days), and average units. Include subtotals for each current status (the corresponding current status field is 'SUBTOTAL') and a grand total across all current status (the corresponding current status field is 'TOTAL'). Do not repeat the current status if it is the same as the previous row. Sort the table with current first, then non-current, and within that order by current status label and then by cluster type (A to Z). Also, only include rows where the cluster type is present (not blank).",False
98,"SELECT CASE WHEN LAG(assign) OVER (ORDER BY IS_CURRENT_TERM DESC, assign, OFFER_DEPT_NAME ASC) = assign THEN NULL ELSE assign END AS assign, OFFER_DEPT_NAME, max_duration, max_units, avg_dur, avg_unit FROM (SELECT CASE WHEN GROUPING(OFFER_DEPT_NAME) = 1 AND GROUPING(IS_CURRENT_TERM) = 0 THEN 'SUBTOTAL' WHEN GROUPING(OFFER_DEPT_NAME) = 1 AND GROUPING(IS_CURRENT_TERM) = 1 THEN 'TOTAL' ELSE CASE WHEN IS_CURRENT_TERM = 'Y' THEN 'CURRENT' ELSE 'NON-CURRENT' END END AS assign, IS_CURRENT_TERM, OFFER_DEPT_NAME, MAX(DATEDIFF(STR_TO_DATE(term_end_date, '%d-%b-%y'), STR_TO_DATE(term_start_date, '%d-%b-%y'))) AS max_duration, MAX(TOTAL_UNITS) AS max_units, AVG(DATEDIFF(STR_TO_DATE(term_end_date, '%d-%b-%y'), STR_TO_DATE(term_start_date, '%d-%b-%y'))) AS avg_dur, AVG(TOTAL_UNITS) AS avg_unit FROM SUBJECT_SUMMARY ss JOIN ACADEMIC_TERMS_ALL ata ON ata.TERM_CODE = ss.TERM_CODE JOIN SUBJECT_OFFERED so ON so.SUBJECT_ID = ss.SUBJECT_ID WHERE so.offer_dept_name IN ('Chemistry', 'Biology') GROUP BY IS_CURRENT_TERM, OFFER_DEPT_NAME WITH ROLLUP ORDER BY IS_CURRENT_TERM DESC, assign, OFFER_DEPT_NAME ASC) tbltmp;","Group courses in the biology and chemistry department by whether they are current or not and the department name. For each group, list the current status ('CURRENT' if yes and 'NON-CURRENT' otherwise), department name, the maximum duration of courses (in terms of days), the maximum units, average duration (in terms of days), and average units. Include subtotals for each current status (the corresponding current status field is 'SUBTOTAL') and a grand total across all current status (the corresponding current status field is 'TOTAL'). Do not repeat the current status if it is the same as the previous row. Sort the table by current status and department.","For the Biology and Chemistry departments, show a report grouped by whether the term is current or non-current and by department, including for each group the maximum term duration (in days), maximum units, average term duration (in days), and average units, and also include subtotals per current/non-current category and an overall total, ordered with current terms first and then by category and department.","For the Biology and Chemistry departments, show a report grouped by whether the term is current or non-current and by department, including for each group the maximum term duration (in days), maximum units, average term duration (in days), and average units, and also include subtotals per current/non-current category and an overall total, ordered with current terms first and then by category and department.",True,"Group courses in the biology and chemistry department **(i.e., only where the department name is in ('Chemistry','Biology'))** by whether they are current or not and the department name. For each group, list the current status **(output as 'CURRENT' if IS_CURRENT_TERM = 'Y' and 'NON-CURRENT' otherwise)**, department name, the maximum duration of courses (in terms of days), the maximum units, average duration (in terms of days), and average units. Include subtotals for each current status (the corresponding current status field is 'SUBTOTAL') and a grand total across all current status (the corresponding current status field is 'TOTAL'). Do not repeat the current status if it is the same as the previous row. Sort the table by current status **with current first (descending by current status)** and department **(ascending by department name)**.",False,"For the Biology and Chemistry departments, show a report grouped by whether the term is current or non-current and by department, including for each group the maximum term duration (in days), maximum units, average term duration (in days), and average units, and also include subtotals per current/non-current category and an overall total, ordered with current terms first and then by category and department.",True,"Can you show me a summary for the Biology and Chemistry departments comparing current terms vs non-current terms, including the max and average term length and the max and average units, with subtotals and an overall total?",False,"Group courses in the biology and chemistry department by whether they are current or not and the department name. For each group, list the current status ('CURRENT' if yes and 'NON-CURRENT' otherwise), department name, the maximum duration of courses (in terms of days), the maximum units, average duration (in terms of days), and average units. Include subtotals for each current status (the corresponding current status field is 'SUBTOTAL') and a grand total across all current status (the corresponding current status field is 'TOTAL'). Do not repeat the current status if it is the same as the previous row. Sort the table by current status and department.",True,"Group courses in the biology and chemistry department by whether they are current or not and the department name. For each group, list the current status ('CURRENT' if yes and 'NON-CURRENT' otherwise), department name, the maximum duration of courses (in terms of days), the maximum units, average duration (in terms of days), and average units. Include subtotals for each current status (the corresponding current status field is 'SUBTOTAL') and a grand total across all current status (the corresponding current status field is 'TOTAL'). Do not repeat the current status if it is the same as the previous row. Sort the table with current courses first, then by the current-status label, and then by department name (A to Z).",False
99,"SELECT CASE WHEN LAG(dept) OVER (ORDER BY dept, dept_sort, master) = dept THEN NULL ELSE dept END AS dept, CASE WHEN master = 'zzz' THEN NULL ELSE master END AS master, subcnt, totalprice, matcnt FROM (SELECT CASE WHEN GROUPING(OFFER_DEPT_NAME) = 1 AND GROUPING(MASTER_COURSE_NUMBER) = 1 THEN 'zzz' ELSE OFFER_DEPT_NAME END AS dept_sort, CASE WHEN GROUPING(OFFER_DEPT_NAME) = 0 AND GROUPING(MASTER_COURSE_NUMBER) = 1 THEN 'SUBTOTAL' WHEN GROUPING(OFFER_DEPT_NAME) = 1 AND GROUPING(MASTER_COURSE_NUMBER) = 1 THEN 'TOTAL' ELSE OFFER_DEPT_NAME END AS dept, CASE WHEN GROUPING(OFFER_DEPT_NAME) = 0 AND GROUPING(MASTER_COURSE_NUMBER) = 1 THEN 'zzz' ELSE MASTER_COURSE_NUMBER END AS master, FORMAT(COUNT(DISTINCT tso.SUBJECT_ID), 0) AS subcnt, FORMAT(SUM(NEW_SHELF_PRICE), 0) AS totalprice, FORMAT(COUNT(DISTINCT tm.ISBN), 0) AS matcnt FROM TIP_DETAIL td JOIN TIP_SUBJECT_OFFERED tso ON tso.TIP_SUBJECT_OFFERED_KEY = td.TIP_SUBJECT_OFFERED_KEY JOIN TIP_MATERIAL tm ON tm.TIP_MATERIAL_KEY = td.TIP_MATERIAL_KEY GROUP BY OFFER_DEPT_NAME, MASTER_COURSE_NUMBER WITH ROLLUP ORDER BY dept_sort, master) tbltmp;","Group master courses by department. For each group, state the name of the department, the master course code, the number of subjects, the total new shelf price of associated TIP materials, and the number of unique TIP materials. Display the department and master course only if it differs from the previous entry. Include subtotals for each department and a grand total across all departments. All numerical values should be rounded to integers and formatted using commas as thousands separators.","For each name of the department and master course code, and also showing a subtotal per department plus a grand total, how many distinct subjects are there, what is the total of the new shelf price, and how many distinct TIP materials are there, ordered by department and then by master course code?","For each name of the department and master course code, include rows for each department’s subtotal (across all its master course codes) and a single grand total row (across all departments and master course codes), and report the count of distinct subjects, the sum of the new shelf price, and the count of distinct TIP materials, ordered by name of the department and then by master course code.",False,"Group master courses by department. For each group, state the name of the department, the master course code, the number of subjects (COUNT DISTINCT subjects), the total new shelf price of associated TIP materials (SUM new shelf price), and the number of unique TIP materials (COUNT DISTINCT TIP materials), joining TIP_DETAIL to TIP_SUBJECT_OFFERED on TIP_SUBJECT_OFFERED_KEY and joining TIP_DETAIL to TIP_MATERIAL on TIP_DETAIL.TIP_MATERIAL_KEY = TIP_MATERIAL.TIP_MATERIAL_KEY. Display the department and master course only if it differs from the previous entry when ordered by department and then master course. Include subtotals for each department and a grand total across all departments. All numerical values should be rounded to integers and formatted using commas as thousands separators.",False,"For each name of the department and master course code, include rows for each department’s subtotal (across all its master course codes) and a final grand total row (across all departments and master course codes), and report: the count of distinct subjects, the sum of the new shelf price, and the count of distinct TIP materials; format these three results as whole numbers with thousands separators; order the output by department (with the grand total last) and then by master course code (with the subtotal after the department’s courses).",False,"Can you show me a summary by department and master course code with the number of subjects, the total new shelf price, and the number of unique materials, including subtotals for each department and an overall total?",False,"Group master courses by department. For each group, state the name of the department, the master course code, the number of subjects, the total new shelf price of associated TIP materials, and the number of unique TIP materials. Display the department and master course only if it differs from the previous entry. Include subtotals for each department and a grand total across all departments. All numerical values should be rounded to integers and formatted using commas as thousands separators.",True,,True
100,"SELECT CASE WHEN LAG(term) OVER (ORDER BY term_sort, term, dept_sort) = term THEN NULL ELSE term END AS term, dept, subcnt, avgeqisub, sd.SCHOOL_NAME AS school_name, ad.DEPARTMENT_PHONE_NUMBER AS department_phone FROM (SELECT CASE WHEN GROUPING(TERM_CODE) = 1 AND GROUPING(DEPARTMENT_NAME) = 1 THEN 'zzz' ELSE TERM_CODE END AS term_sort, CASE WHEN GROUPING(TERM_CODE) = 0 AND GROUPING(DEPARTMENT_NAME) = 1 THEN 'SUBTOTAL' WHEN GROUPING(TERM_CODE) = 1 AND GROUPING(DEPARTMENT_NAME) = 1 THEN 'TOTAL' ELSE TERM_CODE END AS term, CASE WHEN GROUPING(TERM_CODE) = 0 AND GROUPING(DEPARTMENT_NAME) = 1 THEN 'zzz' ELSE DEPARTMENT_NAME END AS dept_sort, DEPARTMENT_NAME AS dept, COUNT(DISTINCT SUBJECT_ID) AS subcnt, MIN(MEET_TIME) AS mintime, AVG(CASE WHEN equivalent_subjects IS NULL THEN 0 ELSE 1 + LENGTH(equivalent_subjects) - LENGTH(REPLACE(equivalent_subjects, ',', '')) END) AS avgeqisub FROM COURSE_CATALOG_SUBJECT_OFFERED GROUP BY TERM_CODE, DEPARTMENT_NAME WITH ROLLUP) tbltmp LEFT JOIN SIS_DEPARTMENT sd ON tbltmp.dept = sd.DEPARTMENT_NAME LEFT JOIN SIS_ADMIN_DEPARTMENT ad ON sd.DEPARTMENT_CODE = ad.SIS_ADMIN_DEPARTMENT_CODE ORDER BY term_sort, dept_sort;","For each term and department, list the term, department, the number of courses, average number of equivalent subjects, the school name, and department phone number. Include subtotals for each term (the corresponding term field is 'SUBTOTAL') and a grand total across all terms (the corresponding term field is 'TOTAL'). Do not repeat the term if it is the same as the previous row. Sort the table by term and department.","For each academic term and department, list the number of distinct courses offered and the average number of equivalent subjects per course (treating missing equivalent-subject lists as 0), and also show the department’s school name and department phone number; include a subtotal row per term and an overall total row, and sort the results by term then department (with subtotals/totals at the end).","For each academic term and department, list the number of distinct courses offered and the average number of equivalent subjects per course, where the number of equivalent subjects is computed as 0 when there is no equivalent-subject list and otherwise as 1 plus the number of commas in the list; also show the department’s school name and department phone number. Include a subtotal row for each term (aggregating across all departments within that term) and an overall total row (aggregating across all terms and departments). Sort the output by term and then department, with the subtotal and total rows appearing at the end.",False,"For each term and department, list the term, department, the number of **distinct** courses, average number of equivalent subjects **computed as 0 when equivalent subjects is NULL, otherwise 1 plus the number of commas in the equivalent subjects field**, the school name, and department phone number. Include subtotals for each term (the corresponding term field is 'SUBTOTAL') and a grand total across all terms (the corresponding term field is 'TOTAL'). Do not repeat the term if it is the same as the previous row. Sort the table by term and department, **with subtotals and the grand total appearing after the regular rows (i.e., term sort key 'zzz' for the grand total and department sort key 'zzz' for subtotals/grand total)**.",False,"For each academic term and department, list the number of distinct courses offered and the average number of equivalent subjects per course, where the number of equivalent subjects is counted as **1 plus the number of commas** in the equivalent-subject list (and treated as 0 when the list is missing); also show the department’s school name and department phone number. Include a subtotal row for each term and an overall total row, and sort the results by term then department, with the subtotal and total rows appearing at the end.",False,"Can you show me, by term and department, how many courses were offered and the average number of equivalent subjects per course, along with the school name and the department phone number—and include term totals and an overall total?",False,"For each term and department, list the term, department, the number of different courses, the average number of equivalent subjects per course (treat it as 0 if there aren’t any listed, otherwise count how many are listed in the comma-separated list), the school name, and the department phone number. Include subtotals for each term (the corresponding term field is “SUBTOTAL”) and a grand total across all terms (the corresponding term field is “TOTAL”). Do not repeat the term if it is the same as the previous row. Sort the table by term and department, with the subtotal and total rows at the end.",False,"For each term and department, list the term, department, the number of **distinct** courses, average number of equivalent subjects, the school name, and department phone number. Include subtotals for each term (the corresponding term field is 'SUBTOTAL') and a grand total across all terms (the corresponding term field is 'TOTAL'). Do not repeat the term if it is the same as the previous row. Sort the table by term and department, with the subtotals and total appearing at the end.",False
101,"SELECT CASE WHEN LAG(assign) OVER (ORDER BY assign) = assign THEN NULL ELSE assign END AS assign, muse, session_count, total_time, avg_time FROM (SELECT CASE WHEN IS_CURRENT_TERM IS NULL AND IAP_CATEGORY_NAME IS NOT NULL THEN 'SUBTOTAL' WHEN IS_CURRENT_TERM IS NULL AND IAP_CATEGORY_NAME IS NULL THEN 'TOTAL' ELSE CASE WHEN IS_CURRENT_TERM = 'Y' THEN 'CURRENT' ELSE 'NOT CURRENT' END END AS assign, IAP_CATEGORY_NAME AS muse, COUNT(SESSION_DATE) AS session_count, SUM(COALESCE(TIMESTAMPDIFF(HOUR, STR_TO_DATE(CONCAT(LEFT(SESSION_START_TIME, 2), ':', SUBSTRING(SESSION_START_TIME, 3, 2), ' ', RIGHT(SESSION_START_TIME, 2)), '%h:%i %p'), STR_TO_DATE(CONCAT(LEFT(SESSION_END_TIME, 2), ':', SUBSTRING(SESSION_END_TIME, 3, 2), ' ', RIGHT(SESSION_END_TIME, 2)), '%h:%i %p')) / 24.0, 0)) AS total_time, AVG(COALESCE(TIMESTAMPDIFF(HOUR, STR_TO_DATE(CONCAT(LEFT(SESSION_START_TIME, 2), ':', SUBSTRING(SESSION_START_TIME, 3, 2), ' ', RIGHT(SESSION_START_TIME, 2)), '%h:%i %p'), STR_TO_DATE(CONCAT(LEFT(SESSION_END_TIME, 2), ':', SUBSTRING(SESSION_END_TIME, 3, 2), ' ', RIGHT(SESSION_END_TIME, 2)), '%h:%i %p')) / 24.0, 0)) AS avg_time FROM IAP_SUBJECT_DETAIL ss JOIN ACADEMIC_TERMS at ON at.TERM_CODE = ss.TERM_CODE JOIN IAP_SUBJECT_SESSION iss ON iss.IAP_SUBJECT_SESSION_KEY = ss.IAP_SUBJECT_SESSION_KEY JOIN IAP_SUBJECT_CATEGORY isc ON isc.IAP_SUBJECT_CATEGORY_KEY = ss.IAP_SUBJECT_CATEGORY_KEY GROUP BY IS_CURRENT_TERM, IAP_CATEGORY_NAME WITH ROLLUP HAVING IS_CURRENT_TERM IS NOT NULL OR IAP_CATEGORY_NAME IS NOT NULL) AS tbltmp ORDER BY assign, muse;","Group sessions by their current term status. For each group, state the status ('CURRENT' if is current term and 'NOT CURRENT' otherwise), name of the session, number of IAP sessions, total IAP session time in days, and average IAP session time in days. Show a subtotal for each current status and a grand total row across all status. Order the results by current status and cluster type. Display the the current status only if it differs from the previous entry.","For each combination of **current term status** (Current vs Not Current) and **name of the session**, how many **IAP sessions** are there, what is the **total session time** and the **average session time** (calculated from session start time to session end time), and also include **subtotals by current term status** plus an **overall total**, with results sorted by current term status and then by session name?","For each combination of **current term status** (label the values as **CURRENT** when the status is “Y” and **NOT CURRENT** otherwise) and **name of the session**, return the **count of IAP sessions**, the **total session time**, and the **average session time**, where session time is computed as the difference between the session start time and session end time (treat missing/invalid times as 0). Also include **subtotals for each current term status** and an **overall total** (label these rows as **SUBTOTAL** and **TOTAL** respectively), exclude the rollup row where both current term status and session name are null, and sort the output by the status/total label and then by session name, showing the status/total label only on the first row of each group (leave it blank for subsequent rows with the same label).",False,"Group sessions by their current term status **and the name of the session**. For each group, state the status (**'CURRENT' if ACADEMIC_TERMS.IS_CURRENT_TERM = 'Y' and 'NOT CURRENT' otherwise**), name of the session, number of IAP sessions, total IAP session time in days, and average IAP session time in days. **Compute session time as the difference between IAP_SUBJECT_SESSION.SESSION_START_TIME and IAP_SUBJECT_SESSION.SESSION_END_TIME (parsed as 12-hour time with AM/PM), convert hours to days by dividing by 24.0, and treat missing/invalid differences as 0.** Show a subtotal for each current status and a grand total row across all status. **Label the subtotal rows as 'SUBTOTAL' and the grand total row as 'TOTAL'.** Order the results by current status and cluster type. Display the the current status only if it differs from the previous entry. **Include only the rollup rows where ACADEMIC_TERMS.IS_CURRENT_TERM is not null or the name of the session is not null.**",False,"For each combination of **current term status** (label the groups as **CURRENT** when the status is “Y” and **NOT CURRENT** otherwise) and **name of the session**, return the **count of IAP sessions**, the **total session time**, and the **average session time**, where session time is computed as the difference between the session start time and session end time (treat missing/invalid times as 0). Also include **subtotals for each current term status** and an **overall total** (label these rows as **SUBTOTAL** and **TOTAL** respectively), exclude the rollup row where both current term status and session name are null, and sort the output by the status/total label and then by session name (with the status/total label shown only on the first row of each repeated group).",False,"Can you show me, for the current term and for past terms, how many IAP sessions we had for each session category, along with the total time and average length of the sessions, and include subtotals for each term group and an overall total?",False,"Group sessions by their current term status. For each group, state the status (use “CURRENT” when the current term status is “Y” and “NOT CURRENT” otherwise), the name of the session, the number of IAP sessions, the total IAP session time in days, and the average IAP session time in days (based on the difference between the session start and end time, treating missing times as 0). Show a subtotal for each current status and a grand total row across all status. Order the results by current status and then by session name. Display the current status only if it differs from the previous entry.",False,"Group sessions by their current term status. For each group, state the status ('CURRENT' if is current term and 'NOT CURRENT' otherwise), name of the session, number of IAP sessions, total IAP session time in days, and average IAP session time in days. Show a subtotal for each current status and a grand total row across all status. Order the results by current status and cluster type. Display the the current status only if it differs from the previous entry, and treat the subtotal and total rows as coming after the regular 'CURRENT' and 'NOT CURRENT' rows when ordering.",False
102,"SELECT CASE WHEN LAG(ACADEMIC_YEAR) OVER (ORDER BY ata.TERM_CODE) = ACADEMIC_YEAR THEN NULL ELSE ACADEMIC_YEAR END AS ACADEMIC_YEAR, ata.TERM_CODE, COUNT(DISTINCT si) AS distinct_subject_count FROM ACADEMIC_TERMS_ALL ata LEFT OUTER JOIN (SELECT CASE WHEN LAG(subject_id) OVER (ORDER BY SUBJECT_ID, TERM_CODE ASC, ACADEMIC_YEAR ASC) = subject_id THEN NULL ELSE subject_id END AS si, CASE WHEN LAG(TERM_CODE) OVER (ORDER BY SUBJECT_ID, TERM_CODE ASC, ACADEMIC_YEAR ASC) = TERM_CODE THEN NULL ELSE term_code END AS term_code FROM course_catalog_subject_offered) AS a ON ata.TERM_CODE = a.TERM_CODE GROUP BY ata.TERM_CODE, ACADEMIC_YEAR UNION ALL SELECT 'TOTAL', NULL, COUNT(DISTINCT SUBJECT_ID) AS total_distinct_subject_count FROM course_catalog_subject_offered;","List each academic year, the term code, and the number of newly introduced subjects in this term. Display the academic year only if it differs from the previous entry. Include a grand total (the corresponding year field should be 'TOTAL') stating the total number of subjects across all academic years.","For each term code (ordered by term code) and its academic year, how many distinct subjects are offered in that term (counting each subject only once per term), and also include a final “TOTAL” row showing the overall number of distinct subjects offered across all terms?","For each term code, ordered by term code, show the academic year (display the academic year only on the first term code where it changes and leave it blank for subsequent term codes within the same academic year) and the number of distinct subjects offered in that term (counting each subject only once per term), including term codes that have zero subjects offered; then append a final “TOTAL” row with “TOTAL” as the academic year, a blank term code, and the overall number of distinct subjects offered across all terms.",False,"List each academic year, the term code **from ACADEMIC_TERMS_ALL (including term codes that have no subjects offered, via a LEFT OUTER JOIN on term code)**, and the number of newly introduced subjects in this term **as COUNT(DISTINCT subject_id) from COURSE_CATALOG_SUBJECT_OFFERED joined on TERM_CODE**. Display the academic year only if it differs from the previous entry **when ordering the rows by ACADEMIC_TERMS_ALL.TERM_CODE**. Include a grand total (the corresponding year field should be 'TOTAL') stating the total number of subjects across all academic years **as COUNT(DISTINCT SUBJECT_ID) from COURSE_CATALOG_SUBJECT_OFFERED, with the term code field as NULL, and UNION ALL this total row to the per-term results**.",False,"For each term code, listed in ascending order by term code, show the academic year (but display the academic year only on the first term of each academic year and leave it blank for subsequent terms within the same academic year), and the number of distinct subjects offered in that term (counting each subject only once per term, including terms with zero subjects). Also include a final “TOTAL” row that shows the overall number of distinct subjects offered across all terms.",False,"Can you show me, for each academic term, how many different subjects were offered, and also include an overall total of unique subjects across all terms?",False,"List each academic year, the term code, and the number of distinct subjects offered in that term (including term codes that have zero subjects). Display the academic year only if it differs from the previous entry. Include a grand total (the corresponding year field should be “TOTAL”) stating the total number of distinct subjects across all academic years.",False,"List each academic year, the term code, and the number of newly introduced subjects in this term. Display the academic year only if it differs from the previous entry when the rows are ordered by term code. Include terms even if they have no subjects offered for that term code. Include a grand total (the corresponding year field should be 'TOTAL') stating the total number of distinct subjects across all academic years.",False
103,"WITH FilteredLists AS ( SELECT ml.MOIRA_LIST_NAME, mlo.OWNER, COUNT(mld.MOIRA_LIST_MEMBER) AS TOTAL_MEMBER_COUNT FROM MOIRA_LIST ml JOIN MOIRA_LIST_DETAIL mld ON ml.MOIRA_LIST_KEY = mld.MOIRA_LIST_KEY JOIN MOIRA_LIST_OWNER mlo ON mld.MOIRA_LIST_OWNER_KEY = mlo.MOIRA_LIST_OWNER_KEY WHERE UPPER(ml.MOIRA_LIST_NAME) LIKE 'E%' GROUP BY ml.MOIRA_LIST_NAME, mlo.OWNER HAVING COUNT(mld.MOIRA_LIST_MEMBER) BETWEEN 10 AND 20 ), CSStudentCounts AS ( SELECT ml.MOIRA_LIST_NAME, COUNT(CASE WHEN msd.DEPARTMENT = '6' THEN 1 ELSE NULL END) AS CS_STUDENT_COUNT FROM FilteredLists fl JOIN MOIRA_LIST ml ON fl.MOIRA_LIST_NAME = ml.MOIRA_LIST_NAME JOIN MOIRA_LIST_DETAIL mld ON ml.MOIRA_LIST_KEY = mld.MOIRA_LIST_KEY JOIN SE_PERSON se ON UPPER(mld.MOIRA_LIST_MEMBER) = UPPER(se.KRB_NAME) JOIN MIT_STUDENT_DIRECTORY msd ON se.FULL_NAME = msd.FULL_NAME GROUP BY ml.MOIRA_LIST_NAME ) SELECT fl.MOIRA_LIST_NAME, fl.OWNER, fl.TOTAL_MEMBER_COUNT FROM FilteredLists fl JOIN CSStudentCounts cs ON fl.MOIRA_LIST_NAME = cs.MOIRA_LIST_NAME WHERE cs.CS_STUDENT_COUNT > 0.75 * fl.TOTAL_MEMBER_COUNT;","For email lists with names starting with e (case insensitive), containing 10 to 20 members inclusive, and where over 75% are computer science students, provide the list name, owner, and member count.","Which mailing lists whose names start with “E” have between 10 and 20 total members (grouped by list and owner), and where more than 75% of the members are Computer Science students—return the list name, the owner, and the total member count?","Which mailing lists whose names start with “E” have between 10 and 20 total members (grouped by list and owner), and where more than 75% of the members are Computer Science students—return the list name, the owner, and the total member count?",True,"For email lists with names starting with e (case insensitive), containing 10 to 20 members inclusive **per (list name, owner) group**, and where over 75% are computer science students **(i.e., MIT_STUDENT_DIRECTORY.DEPARTMENT = '6', matched by MOIRA_LIST_DETAIL.MOIRA_LIST_MEMBER → SE_PERSON.KRB_NAME (case-insensitive) → SE_PERSON.FULL_NAME = MIT_STUDENT_DIRECTORY.FULL_NAME)**, provide the list name, owner, and member count.",False,"Which mailing lists whose names start with “E” have between 10 and 20 total members for each list-owner pair, and where more than 75% of the members (matched case-insensitively by username to a person record and then by full name to the student directory) are in the Computer Science department (department code “6”)? Return the list name, the owner, and the total member count.",False,"Can you show me the mailing lists that start with “E” and have 10–20 members, where at least 75% of the members are Computer Science students? Please include the list name, the owner, and the total number of members.",False,"For email lists with names starting with e (case insensitive), containing 10 to 20 members inclusive, and where over 75% are computer science students, provide the list name, owner, and member count.",True,"For email lists with names starting with e (case insensitive), containing 10 to 20 members inclusive, and where over 75% are computer science students (department 6), provide the list name, owner, and member count.",False
104,"WITH MailingListSizes AS (SELECT ml.MOIRA_LIST_KEY, ml.MOIRA_LIST_NAME, COUNT(mld.MOIRA_LIST_MEMBER) AS List_Size FROM MOIRA_LIST ml JOIN MOIRA_LIST_DETAIL mld ON ml.MOIRA_LIST_KEY = mld.MOIRA_LIST_KEY GROUP BY ml.MOIRA_LIST_KEY, ml.MOIRA_LIST_NAME) SELECT msd.FULL_NAME AS Student_Name, sad.DEPARTMENT_PHONE_NUMBER, COUNT(ml.MOIRA_LIST_KEY) AS Total_Lists, AVG(MLS.List_Size) AS Avg_List_Size FROM MIT_STUDENT_DIRECTORY msd JOIN SIS_DEPARTMENT sd ON msd.DEPARTMENT = sd.DEPARTMENT_CODE JOIN SIS_ADMIN_DEPARTMENT sad ON sd.DEPARTMENT_CODE = sad.SIS_ADMIN_DEPARTMENT_CODE JOIN SE_PERSON se ON msd.FULL_NAME = se.FULL_NAME JOIN MOIRA_LIST_DETAIL mld ON upper(se.KRB_NAME) = UPPER(mld.MOIRA_LIST_MEMBER) JOIN MOIRA_LIST ml ON mld.MOIRA_LIST_KEY = ml.MOIRA_LIST_KEY JOIN MailingListSizes MLS ON ml.MOIRA_LIST_KEY = MLS.MOIRA_LIST_KEY WHERE msd.LAST_NAME LIKE 'K%' GROUP BY msd.FULL_NAME, sad.DEPARTMENT_PHONE_NUMBER;","For students with last names starting with K, list their names, the phone numbers of departments they belong to, total number of mailing lists each student is in, and the average size of the mailing lists each student is in.","For each student whose last name starts with “K”, what is their name and their department’s phone number, how many mailing lists they belong to in total, and what is the average size (number of members) of those mailing lists?","For each student whose last name starts with “K”, list their name and their department’s phone number, the total number of distinct mailing lists they belong to (counting each mailing list once per student), and the average mailing list size where each list’s size is defined as the total number of members on that list (counting all member entries for the list).",False,"For students with last names starting with K, list their names, the phone numbers of departments they belong to, total number of mailing lists each student is in, and the average size of the mailing lists each student is in, **where a student is considered “in” a mailing list when `UPPER(SE_PERSON.KRB_NAME)` equals `UPPER(MOIRA_LIST_DETAIL.MOIRA_LIST_MEMBER)`, and where “size of a mailing list” means the count of `MOIRA_LIST_DETAIL.MOIRA_LIST_MEMBER` per `MOIRA_LIST.MOIRA_LIST_KEY` (grouped by `MOIRA_LIST.MOIRA_LIST_KEY` and `MOIRA_LIST.MOIRA_LIST_NAME`)**.",False,"For each student whose last name starts with “K”, what is their name and their department’s phone number, how many mailing lists they belong to in total, and what is the average size (number of members) of those mailing lists?",True,"For students whose last name starts with “K,” can you show their name, their department’s phone number, how many mailing lists they’re on, and the average number of people on those lists?",False,"For students with last names starting with K, list their names, the phone numbers of the departments they belong to, the total number of mailing lists each student is in (counting each mailing list only once per student), and the average size of those mailing lists (where a list’s size is the total number of members on that list).",False,,True
105,"SELECT lmc.MOIRA_LIST_NAME, lmc.Member_Count, lmc.IS_PUBLIC, dc.DEPARTMENT_NAME AS Most_Prominent_Department, dc.Student_Count FROM (SELECT ml.MOIRA_LIST_NAME, ml.IS_PUBLIC, COUNT(mld.MOIRA_LIST_MEMBER) AS Member_Count FROM MOIRA_LIST ml JOIN MOIRA_LIST_DETAIL mld ON ml.MOIRA_LIST_KEY = mld.MOIRA_LIST_KEY GROUP BY ml.MOIRA_LIST_NAME, ml.IS_PUBLIC) lmc LEFT JOIN (SELECT lmc.MOIRA_LIST_NAME, lmc.DEPARTMENT_NAME, lmc.Student_Count, @rank := IF(@current_list = lmc.MOIRA_LIST_NAME, @rank + 1, 1) AS `Rank`, @current_list := lmc.MOIRA_LIST_NAME FROM (SELECT ml.MOIRA_LIST_NAME, sd.DEPARTMENT_NAME, COUNT(msd.FULL_NAME) AS Student_Count FROM MOIRA_LIST ml JOIN MOIRA_LIST_DETAIL mld ON ml.MOIRA_LIST_KEY = mld.MOIRA_LIST_KEY JOIN SE_PERSON se ON UPPER(mld.MOIRA_LIST_MEMBER) = UPPER(se.KRB_NAME) JOIN MIT_STUDENT_DIRECTORY msd ON msd.FULL_NAME = se.FULL_NAME JOIN SIS_DEPARTMENT sd ON msd.DEPARTMENT = sd.DEPARTMENT_CODE GROUP BY ml.MOIRA_LIST_NAME, sd.DEPARTMENT_NAME) lmc CROSS JOIN (SELECT @rank := 0, @current_list := '') vars ORDER BY lmc.MOIRA_LIST_NAME, Student_Count DESC) dc ON lmc.MOIRA_LIST_NAME = dc.MOIRA_LIST_NAME AND dc.`Rank` = 1 ORDER BY lmc.Member_Count DESC LIMIT 100;","From the 100 email lists with the most number of subscribers, list their names, their total number of subscribers, their public status, the name of the department with the most presence in the list, and the number of students from this department in the list.","What are the top 100 mailing lists, ranked by total number of subscribers (highest to lowest), showing for each list its name, whether it is public, the total subscriber count, and the single department that has the most student subscribers on that list (along with that department’s student-subscriber count)?","What are the top 100 mailing lists, ranked by total number of subscribers (highest to lowest), showing for each list its name, whether it is public, and the total subscriber count; and for each list also show the single most prominent department among **student subscribers only**—where student subscribers are identified by matching each subscriber’s username (case-insensitively) to a person record and then to a student directory entry—and report that department’s name and the number of student subscribers from that department (choosing the department with the highest student-subscriber count per list)?",False,"From the 100 email lists with the most number of subscribers, list their names, their total number of subscribers, their public status, the name of the department with the most presence in the list **(counting only subscribers that can be matched case-insensitively from MOIRA_LIST_DETAIL.MOIRA_LIST_MEMBER to SE_PERSON.KRB_NAME, then joined by SE_PERSON.FULL_NAME to MIT_STUDENT_DIRECTORY.FULL_NAME, and then to SIS_DEPARTMENT by MIT_STUDENT_DIRECTORY.DEPARTMENT = SIS_DEPARTMENT.DEPARTMENT_CODE)**, and the number of students from this department in the list. **If there are ties for the most-present department within a list, pick the one with the highest student count after ordering by student count descending. Include lists even if no department/student match exists (showing null for the department and student count).**",False,"What are the top 100 mailing lists, ranked by total number of subscribers (highest to lowest), showing for each list its name, whether it is public, and the total subscriber count; and for each list also show the single department with the highest number of student subscribers on that list (counting only subscribers that can be matched case-insensitively to a person record and then to a student record), along with that department’s student-subscriber count (breaking ties by choosing the department that comes first when ordering departments by student-subscriber count descending)?",False,"Can you show me the 100 mailing lists with the most subscribers, and for each one include whether it’s public, the total subscriber count, and which department has the most student subscribers (with how many)?",False,"From the 100 email lists with the most number of subscribers, list their names, their total number of subscribers, their public status, the name of the department with the most presence among the student subscribers in the list, and the number of students from this department in the list.",False,,True
106,"SELECT b.BUILDING_NAME, b.BUILDING_NUMBER, SUM(f.ASSIGNABLE_AREA) AS TOTAL_ASSIGNABLE_AREA, SUM(f.NON_ASSIGNABLE_AREA) AS TOTAL_NON_ASSIGNABLE_AREA, COUNT(r.FAC_ROOM_KEY) AS TOTAL_ROOMS FROM FAC_BUILDING b JOIN FAC_FLOOR f ON b.FAC_BUILDING_KEY = f.BUILDING_KEY JOIN FAC_ROOMS r ON f.BUILDING_KEY = r.BUILDING_KEY AND f.FLOOR = r.FLOOR GROUP BY b.BUILDING_NAME, b.BUILDING_NUMBER ORDER BY TOTAL_ASSIGNABLE_AREA DESC;","Calculate the total assignable and non-assignable area for each building by summing up the respective areas of all its floors. For each building, list the building name, building number, total assignable area, total non-assignable area, and total room count, sorted in descending order of the total assignable area.","For each building (by building name and building number), what are the total assignable area, total non-assignable area, and total number of rooms across all its floors, and can you list the buildings ordered by total assignable area from highest to lowest?","For each building (by building name and building number), what are the total assignable area, total non-assignable area, and total number of rooms across all its floors, and can you list the buildings ordered by total assignable area from highest to lowest?",True,"Calculate the total assignable and non-assignable area for each building by summing up the respective areas of all its floors. For each building, list the building name, building number, total assignable area, total non-assignable area, and total room count, sorted in descending order of the total assignable area.",True,"For each building (by building name and building number), what are the total assignable area, total non-assignable area, and total number of rooms across all its floors, and can you list the buildings ordered by total assignable area from highest to lowest?",True,"Can you show me each building’s total assignable space, total non-assignable space, and total number of rooms, and sort the list by assignable space (largest to smallest)?",False,"Calculate the total assignable and non-assignable area for each building by summing up the respective areas of all its floors. For each building, list the building name, building number, total assignable area, total non-assignable area, and total room count, sorted in descending order of the total assignable area.",True,,True
107,"SELECT r.ROOM_FULL_NAME, MAX(r.AREA), mu.MAJOR_USE, MAX(o.ORGANIZATION_NAME), COUNT(r.FAC_ROOM_KEY) AS ROOM_COUNT, SUM(r.AREA) AS TOTAL_ROOM_AREA FROM FAC_ROOMS r JOIN FAC_MAJOR_USE mu ON r.MAJOR_USE_KEY = mu.MAJOR_USE_KEY JOIN FAC_ORGANIZATION o ON r.ORGANIZATION_KEY = o.ORGANIZATION_KEY WHERE r.BUILDING_KEY = 45 GROUP BY r.ROOM_FULL_NAME, mu.MAJOR_USE ORDER BY r.ROOM_FULL_NAME;","List all rooms in building 45, including their full name, area, major use, the organization that occupies them, the count of rooms per major use, and the total area occupied by rooms for each organization.","For building 45, list each room full name and major use, showing the maximum room area, the organization name, the number of rooms, and the total room area for that room full name and major use combination, ordered by room full name.","For building 45, list each room full name and major use, showing the maximum room area, the maximum organization name, the number of rooms, and the total room area for that room full name and major use combination, ordered by room full name.",False,"List all rooms in building 45, including their full name, **the maximum area for each room full name and major use**, major use, **the maximum organization name that occupies them**, **the count of rooms per room full name and major use**, and **the total area (sum of area) per room full name and major use**, **grouped by room full name and major use and ordered by room full name**.",False,"The NLQ should specify that the organization name shown is the maximum organization name within each room full name and major use group (since the query uses MAX on organization name). A revised NLQ:

For building 45, list each room full name and major use, showing the maximum room area, the maximum organization name, the number of rooms, and the total room area for that room full name and major use combination, ordered by room full name.",False,"For building 45, can you show me a list of rooms with their room name and major use, along with the organization, how many rooms there are, and the total and largest room area?",False,"List all rooms in building 45, including their full name, major use, the organization that occupies them, the area (use the largest area if there are multiple entries), plus how many rooms there are and the total area for each full name and major use combination, sorted by room full name.",False,"List all rooms in building 45, including their full name, the largest area for each full name and major use, major use, the organization name (if there are multiple, show the one that comes last alphabetically), the number of room records for each full name and major use, and the total area for each full name and major use, and list the results in order by room full name.",False
108,"SELECT b.BUILDING_NAME, b.BUILDING_NUMBER, b.DATE_BUILT, b.BUILDING_TYPE, COUNT(a.BUILDING_ADDRESS_KEY) AS ADDRESS_COUNT, AVG(b.EXT_GROSS_AREA) AS AVG_GROSS_AREA, COUNT(r.FAC_ROOM_KEY) AS TOTAL_ROOMS FROM FAC_BUILDING b JOIN FAC_BUILDING_ADDRESS a ON b.FAC_BUILDING_KEY = a.BUILDING_KEY JOIN FAC_ROOMS r ON b.FAC_BUILDING_KEY = r.BUILDING_KEY GROUP BY b.BUILDING_NAME, b.BUILDING_NUMBER, b.DATE_BUILT, b.BUILDING_TYPE ORDER BY b.BUILDING_NAME;","List the name, number, construction date, and type of all buildings, along with the count of addresses associated with each building, the average gross area of the buildings, and the total number of rooms in each building. Sort the results by building name.","For each building, list its name, number, construction date, and type, along with the count of its addresses, the average gross area, and the total number of rooms, and sort the results by building name.","For each building, list its name, number, construction date, and type, along with the count of its addresses, the average gross area, and the total number of rooms, and sort the results by building name.",True,"List the name, number, construction date, and type of all buildings, along with the count of addresses associated with each building, the average gross area **for each building**, and the total number of rooms in each building. Sort the results by building name.",False,"For each building, list its name, number, construction date, and type, along with the count of its addresses, the average gross area, and the total number of rooms, and sort the results by building name.",True,"Can you show me a list of all buildings with their name, building number, construction date, and type, plus how many addresses and rooms each one has and its gross area?",False,"List the name, number, construction date, and type of all buildings, along with the count of addresses associated with each building, the average gross area of the buildings, and the total number of rooms in each building. Sort the results by building name.",True,,True
109,"SELECT lso.OFFER_DEPT_NAME AS DEPARTMENT, COUNT(DISTINCT lso.MASTER_COURSE_NUMBER) AS COURSE_COUNT, COUNT(DISTINCT lrc.CATALOG_TITLE) AS UNIQUE_MATERIALS, COUNT(DISTINCT lci.INSTRUCTOR_NAME) AS UNIQUE_INSTRUCTORS FROM LIBRARY_SUBJECT_OFFERED lso JOIN LIBRARY_RESERVE_MATRL_DETAIL lrmd ON lso.LIBRARY_SUBJECT_OFFERED_KEY = lrmd.LIBRARY_SUBJECT_OFFERED_KEY JOIN LIBRARY_RESERVE_CATALOG lrc ON lrmd.LIBRARY_RESERVE_CATALOG_KEY = lrc.LIBRARY_RESERVE_CATALOG_KEY JOIN LIBRARY_COURSE_INSTRUCTOR lci ON lrmd.LIBRARY_COURSE_INSTRUCTOR_KEY = lci.LIBRARY_COURSE_INSTRUCTOR_KEY GROUP BY lso.OFFER_DEPT_NAME ORDER BY COURSE_COUNT DESC;","For each department, list its name, number of unique courses offered, the number of unique reserved materials, and the number of unique instructors associated with those courses, sorted by the number of unique courses offered in descending order.","For each department name, how many distinct courses are offered, how many distinct reserved materials titles are associated with those courses, and how many distinct instructors are involved—sorted by the number of distinct courses in descending order?","For each department name, how many distinct courses are offered, how many distinct reserved materials titles are associated with those courses, and how many distinct instructors are involved—sorted by the number of distinct courses in descending order?",True,"For each department, list its name, number of unique courses offered, the number of unique reserved materials, and the number of unique instructors associated with those courses, sorted by the number of unique courses offered in descending order.",True,"For each department name, how many distinct courses are offered, how many distinct reserved materials titles are associated with those courses, and how many distinct instructors are involved—sorted by the number of distinct courses in descending order?",True,"Can you show me, by department, how many courses have reserve materials, how many different reserve titles there are, and how many instructors are involved?",False,"For each department, list its name, number of unique courses offered, the number of unique reserved materials, and the number of unique instructors associated with those courses, sorted by the number of unique courses offered in descending order.",True,,True
110,"SELECT lso.SUBJECT_TITLE AS COURSE_TITLE, COUNT(lrmd.LIBRARY_RESERVE_CATALOG_KEY) AS TOTAL_MATERIALS, COUNT(DISTINCT lms.LIBRARY_MATERIAL_STATUS) AS STATUS_COUNT FROM LIBRARY_RESERVE_MATRL_DETAIL lrmd JOIN LIBRARY_SUBJECT_OFFERED lso ON lrmd.LIBRARY_SUBJECT_OFFERED_KEY = lso.LIBRARY_SUBJECT_OFFERED_KEY JOIN LIBRARY_MATERIAL_STATUS lms ON lrmd.LIBRARY_MATERIAL_STATUS_KEY = lms.LIBRARY_MATERIAL_STATUS_KEY GROUP BY lso.SUBJECT_TITLE ORDER BY TOTAL_MATERIALS DESC;","For each course title, list the title, the total number of reserved materials, and the count of distinct material status associated with those materials, sorted by the total number of reserved materials in descending order.","For each course title, how many reserved materials are there in total and how many distinct material statuses do those reserved materials have, with the results sorted by the total number of reserved materials in descending order?","For each course title, how many reserved materials are there in total and how many distinct material statuses do those reserved materials have, with the results sorted by the total number of reserved materials in descending order?",True,"For each course title, list the title, the total number of reserved materials, and the count of distinct material status associated with those materials, sorted by the total number of reserved materials in descending order.",True,"For each course title, how many reserved materials are there in total and how many distinct material statuses do those reserved materials have, with the results sorted by the total number of reserved materials in descending order?",True,"For each course, how many items are on library reserve, and how many different statuses do those items have?",False,"For each course title, list the title, the total number of reserved materials, and the count of distinct material status associated with those materials, sorted by the total number of reserved materials in descending order.",True,,True
111,"SELECT lci.INSTRUCTOR_NAME, COUNT(DISTINCT lci.COURSE_NAME) AS COURSE_COUNT, COUNT(lci.LIBRARY_COURSE_INSTRUCTOR_KEY) AS MATERIAL_ASSIGNMENTS, AVG(lrc.CATALOG_YEAR) AS AVG_PUBLICATION_YEAR, COUNT(DISTINCT lms.LIBRARY_MATERIAL_STATUS) AS STATUS_COUNT FROM LIBRARY_COURSE_INSTRUCTOR lci JOIN LIBRARY_RESERVE_MATRL_DETAIL lrmd ON lci.LIBRARY_COURSE_INSTRUCTOR_KEY = lrmd.LIBRARY_COURSE_INSTRUCTOR_KEY JOIN LIBRARY_RESERVE_CATALOG lrc ON lrmd.LIBRARY_RESERVE_CATALOG_KEY = lrc.LIBRARY_RESERVE_CATALOG_KEY JOIN LIBRARY_MATERIAL_STATUS lms ON lrmd.LIBRARY_MATERIAL_STATUS_KEY = lms.LIBRARY_MATERIAL_STATUS_KEY GROUP BY lci.INSTRUCTOR_NAME ORDER BY COURSE_COUNT DESC;","For each instructor, list their name, the number of unique courses they teach, the total number of material assignments, average publication year, and number of distinct status, sorted by the number of unique courses in descending order.","For each instructor name, how many distinct courses do they teach, how many total material assignments do they have, what is the average publication year of the reserve catalog items assigned to them, and how many distinct material statuses appear across their assigned materials—sorted by the number of distinct courses in descending order?","For each instructor name, how many distinct courses do they teach, how many total material assignments do they have, what is the average publication year of the reserve catalog items assigned to them, and how many distinct material statuses appear across their assigned materials—sorted by the number of distinct courses in descending order?",True,"For each instructor, list their name, the number of unique courses they teach, the total number of material assignments, average publication year, and number of distinct status, sorted by the number of unique courses in descending order.",True,"For each instructor name, how many distinct courses do they teach, how many total material assignments do they have, what is the average publication year of the reserve catalog items assigned to them, and how many distinct material statuses appear across their assigned materials—sorted by the number of distinct courses in descending order?",True,"Can you show a summary for each instructor with how many courses they’re teaching, how many reserve materials are assigned to them, the average publication year of those materials, and how many different material statuses they have?",False,"For each instructor, list their name, the number of unique courses they teach, the total number of material assignments, the average publication year of the reserve catalog items assigned to them, and the number of distinct material statuses, sorted by the number of unique courses in descending order.",False,,True
112,"SELECT lrc.CATALOG_YEAR AS PUBLICATION_YEAR, COUNT(distinct lrc.LIBRARY_RESERVE_CATALOG_KEY) AS TOTAL_MATERIALS, AVG(LENGTH(lrc.CATALOG_TITLE)) AS AVG_TITLE_LENGTH, COUNT(DISTINCT lms.LIBRARY_MATERIAL_STATUS) AS STATUS_COUNT, COUNT(DISTINCT lci.COURSE_NAME) AS COURSE_COUNT FROM LIBRARY_RESERVE_CATALOG lrc JOIN LIBRARY_RESERVE_MATRL_DETAIL lrmd ON lrc.LIBRARY_RESERVE_CATALOG_KEY = lrmd.LIBRARY_RESERVE_CATALOG_KEY JOIN LIBRARY_MATERIAL_STATUS lms ON lrmd.LIBRARY_MATERIAL_STATUS_KEY = lms.LIBRARY_MATERIAL_STATUS_KEY JOIN LIBRARY_COURSE_INSTRUCTOR lci ON lrmd.LIBRARY_COURSE_INSTRUCTOR_KEY = lci.LIBRARY_COURSE_INSTRUCTOR_KEY GROUP BY lrc.CATALOG_YEAR ORDER BY PUBLICATION_YEAR DESC;","For each publication year, list the year, the total number of reserved materials, the average length of their titles, distinct number of status, and number of courses, sorted by publication year in descending order.","For each publication year, how many distinct reserved materials are there, what is the average length of their titles, how many distinct statuses do those materials have, and how many distinct courses are they associated with—sorted by publication year from most recent to oldest?","For each publication year, how many distinct reserved materials are there, what is the average length of their titles, how many distinct statuses do those materials have, and how many distinct courses are they associated with—sorted by publication year from most recent to oldest?",True,"For each publication year, list the year, the total number of reserved materials, the average length of their titles, distinct number of status, and number of courses, sorted by publication year in descending order.",True,"For each publication year, how many distinct reserved materials are there, what is the average length of their titles, how many distinct statuses do those materials have, and how many distinct courses are they associated with—sorted by publication year from most recent to oldest?",True,"Can you show me, by publication year, how many reserve items we have, the average title length, how many different status types they’re in, and how many different courses they’re used for?",False,"For each publication year, list the year, the total number of distinct reserved materials, the average length of their titles, the number of distinct statuses, and the number of distinct courses they’re associated with, sorted by publication year from most recent to oldest.",False,,True
113,"SELECT isc.IAP_CATEGORY_NAME AS CATEGORY_NAME, iss.SPONSOR_NAME, COUNT(isd.IAP_SUBJECT_CATEGORY_KEY) AS ACTIVITY_COUNT, AVG(isd.FEE) AS AVG_FEE_PER_ACTIVITY FROM IAP_SUBJECT_DETAIL isd JOIN IAP_SUBJECT_CATEGORY isc ON isd.IAP_SUBJECT_CATEGORY_KEY = isc.IAP_SUBJECT_CATEGORY_KEY JOIN IAP_SUBJECT_SPONSOR iss ON isd.IAP_SUBJECT_SPONSOR_KEY = iss.IAP_SUBJECT_SPONSOR_KEY GROUP BY isc.IAP_CATEGORY_NAME, iss.SPONSOR_NAME ORDER BY ACTIVITY_COUNT DESC;","For each IAP category, list the category name, the sponsor name, the number of activities offered, and the average fee per activity, sorted by the number of activities in descending order.","For each combination of category name and sponsor name, how many activities are there and what is the average fee per activity, sorted by the activity count from highest to lowest?","For each combination of category name and sponsor name, how many activities are there and what is the average fee per activity, sorted by the activity count from highest to lowest?",True,"For each IAP category, list the category name, the sponsor name, the number of activities offered, and the average fee per activity, sorted by the number of activities in descending order.",True,"For each combination of category name and sponsor name, how many activities are there and what is the average fee per activity, sorted by the activity count from highest to lowest?",True,"Can you show me, by category and sponsor, how many activities there are and what the average fee is?",False,"For each combination of IAP category and sponsor, list the category name, the sponsor name, the number of activities offered, and the average fee per activity, sorted by the number of activities in descending order.",False,,True
114,"SELECT iss.SPONSOR_NAME, COUNT(issp.IAP_SUBJECT_SESSION_KEY) AS SESSION_COUNT, COUNT(DISTINCT isd.IAP_SUBJECT_SESSION_KEY) AS UNIQUE_SUBJECTS FROM IAP_SUBJECT_SESSION issp JOIN IAP_SUBJECT_DETAIL isd ON issp.IAP_SUBJECT_SESSION_KEY = isd.IAP_SUBJECT_SESSION_KEY JOIN IAP_SUBJECT_SPONSOR iss ON isd.IAP_SUBJECT_SPONSOR_KEY = iss.IAP_SUBJECT_SPONSOR_KEY GROUP BY iss.SPONSOR_NAME ORDER BY SESSION_COUNT DESC;","For each sponsor, list the sponsor name, the number of IAP sessions hosted, and the number of unique subjects organized.","For each sponsor name, how many IAP sessions are there in total and how many unique subjects are there (counting distinct IAP sessions), and can you list the results grouped by sponsor name and sorted by total IAP sessions in descending order?","For each sponsor name, how many IAP sessions are there in total and how many unique subjects are there (counting distinct IAP sessions), and can you list the results grouped by sponsor name and sorted by total IAP sessions in descending order?",True,"For each sponsor, list the sponsor name, the number of IAP sessions hosted **(count of IAP sessions)**, and the number of unique subjects organized **(count of distinct subjects)**, **grouped by sponsor name and ordered by the number of IAP sessions hosted in descending order**.",False,"For each sponsor name, how many IAP sessions are there in total and how many unique subjects are there (counting distinct IAP sessions), and can you list the results grouped by sponsor name and sorted by total IAP sessions in descending order?",True,"Can you show me, for each sponsor, how many sessions they have and how many unique subjects are associated with them?",False,"For each sponsor, list the sponsor name, the number of IAP sessions hosted, and the number of unique subjects organized, and sort the results by the number of IAP sessions from highest to lowest.",False,"For each sponsor, list the sponsor name, the number of IAP sessions hosted, and the number of unique subjects organized, and sort the results from the sponsor with the most IAP sessions to the least.",False
115,"SELECT isp.PERSON_ROLE, isc.IAP_CATEGORY_NAME, COUNT(DISTINCT isp.IAP_SUBJECT_PERSON_KEY) AS ROLE_COUNT, AVG(isd.FEE) AS AVG_FEE FROM IAP_SUBJECT_PERSON isp JOIN IAP_SUBJECT_DETAIL isd ON isp.IAP_SUBJECT_PERSON_KEY = isd.IAP_SUBJECT_PERSON_KEY JOIN IAP_SUBJECT_CATEGORY isc ON isd.IAP_SUBJECT_CATEGORY_KEY = isc.IAP_SUBJECT_CATEGORY_KEY GROUP BY isp.PERSON_ROLE, isc.IAP_CATEGORY_NAME ORDER BY ROLE_COUNT DESC;","For each person role and IAP category, list the role, the category name, the number of people in this role, and the average fee, sorted by the role count in descending order.","For each role and category name, how many distinct people are there and what is the average fee, and can you list the results sorted by the number of people in descending order?","For each role and category name, how many distinct people are there and what is the average fee, and can you list the results sorted by the number of people in descending order?",True,"For each person role and IAP category, list the role, the category name, the number of people in this role, and the average fee, sorted by the role count in descending order.",True,"For each role and category name, how many distinct people are there and what is the average fee, and can you list the results sorted by the number of people in descending order?",True,"Can you show me, for each role and category, how many people we have and what the average fee is?",False,"For each person role and IAP category, list the role, the category name, how many distinct people are in this role, and the average fee, sorted by the role count in descending order.",False,"For each person role and IAP category, list the role, the category name, the number of **distinct** people in this role, and the average fee, sorted by the role count in descending order.",False
116,"WITH FloorsPerBuilding AS ( SELECT fb.BUILDING_NAME, MAX(ff.LEVEL_ID) - MIN(ff.LEVEL_ID) AS NUM_FLOORS FROM FAC_BUILDING fb JOIN FAC_ROOMS fr ON fb.FAC_BUILDING_KEY = fr.BUILDING_KEY JOIN FAC_FLOOR ff ON fr.FLOOR_KEY = ff.FLOOR_KEY GROUP BY fb.BUILDING_NAME ), MaxFloors AS ( SELECT MAX(NUM_FLOORS) AS MAX_FLOORS FROM FloorsPerBuilding ) SELECT a.BUILDING_NAME FROM FloorsPerBuilding a JOIN MaxFloors b ON a.NUM_FLOORS = b.MAX_FLOORS;","List the names of the buildings with the most floors. If there are ties, list each one separately.","Which name of the buildings have the greatest number of floors, where the number of floors for each building is calculated as the maximum floors value minus the minimum floors value across all its rooms?","Which name of the buildings have the greatest number of floors, where the number of floors for each building is calculated as the maximum floors value minus the minimum floors value across all its rooms?",True,"List the names of the buildings with the most floors, where the number of floors for a building is calculated as MAX(floors) - MIN(floors) across all its rooms’ floors. If there are ties, list each one separately.",False,"Which name of the buildings have the greatest number of floors, where the number of floors for each building is calculated as the maximum floors value minus the minimum floors value across all its rooms?",True,Which buildings have the most floors?,False,"List the names of the buildings with the most floors, where a building’s number of floors is figured out by taking the highest floor level and subtracting the lowest floor level across all its rooms. If there are ties, list each one separately.",False,"List the names of the buildings with the most floors, where the number of floors for a building is calculated as the highest floor level minus the lowest floor level among its rooms’ floors. If there are ties, list each one separately.",False
117,"SELECT ccso.SUBJECT_TITLE, COUNT(DISTINCT e.FULL_NAME) AS Num_Instructors, MAX(LENGTH(e.FULL_NAME)) AS Longest_Instructor_Name FROM EMPLOYEE_DIRECTORY e JOIN COURSE_CATALOG_SUBJECT_OFFERED ccso ON ccso.RESPONSIBLE_FACULTY_MIT_ID = e.MIT_ID JOIN ACADEMIC_TERMS_ALL at ON ccso.TERM_CODE = at.TERM_CODE WHERE at.TERM_CODE LIKE '%SU' GROUP BY ccso.SUBJECT_TITLE;","For subjects offered in the summer term, list the subject titles, number of instructors, and the length of the longest instructor name.","For each subject title offered in a summer term (term code ending in “SU”), how many distinct instructors are responsible for it, and what is the length of the longest instructor name among those instructors?","For each subject title offered in a summer term (term code ending in “SU”), how many distinct instructors are responsible for it, and what is the length of the longest instructor name among those instructors?",True,"For subjects offered in the summer term **(where the term code matches `LIKE '%SU'`)**, list the subject titles, **the number of distinct instructors**, and **the maximum length (in characters) of the instructor full name**.",False,"For each subject title offered in a summer term (term code ending in “SU”), how many distinct instructors are responsible for it, and what is the length of the longest instructor name among those instructors?",True,"For each subject offered in the summer term, how many different instructors are responsible for it, and what’s the longest instructor name?",False,"For subjects offered in the summer term (where the term code ends in “SU”), list the subject titles, the number of distinct instructors responsible for each, and the length of the longest instructor name.",False,"For subjects offered in the summer term, list the subject titles, number of **distinct** instructors, and the length of the longest instructor name.",False
118,"SELECT mlo.OWNER, COUNT(DISTINCT ml.MOIRA_LIST_KEY) AS Total_Lists, COUNT(DISTINCT mld.MOIRA_LIST_MEMBER) AS Total_Members FROM MOIRA_LIST ml JOIN MOIRA_LIST_DETAIL mld ON ml.MOIRA_LIST_KEY = mld.MOIRA_LIST_KEY JOIN MOIRA_LIST_OWNER mlo ON mld.MOIRA_LIST_OWNER_KEY = mlo.MOIRA_LIST_OWNER_KEY WHERE mlo.MOIRA_LIST_OWNER_KEY = 'LIST69.377-keeper-xenon' GROUP BY mlo.OWNER;","For the mailing list with owner key LIST69.377-keeper-xenon, list the owner, total number of mailing lists, and total number of members across all these mailing lists.","For the owner key **“LIST69.377-keeper-xenon”**, what is the **owner name**, and how many **distinct mailing lists** and **distinct members** are associated with that owner (counting unique mailing lists and unique members), grouped by owner?","For the owner key **“LIST69.377-keeper-xenon”**, what is the **owner name**, and how many **distinct mailing lists** and **distinct members** are associated with that owner (counting unique mailing lists and unique members), grouped by owner?",True,"For the mailing list with owner key LIST69.377-keeper-xenon, list the owner, total number of **distinct** mailing lists, and total number of **distinct** members across all these mailing lists.",False,"For the owner key **“LIST69.377-keeper-xenon”**, what is the **owner name**, and how many **distinct mailing lists** and **distinct members** are associated with that owner (counting unique mailing lists and unique members), grouped by owner?",True,"For the owner key “LIST69.377-keeper-xenon”, who is the owner, and how many mailing lists and members are associated with them?",False,"For the owner key LIST69.377-keeper-xenon, list the owner, the number of unique mailing lists, and the number of unique members across all those mailing lists.",False,"For the mailing list with owner key LIST69.377-keeper-xenon, list the owner, the total number of **unique** mailing lists, and the total number of **unique** members across all these mailing lists.",False
119,"SELECT sd.SCHOOL_NAME, COUNT(DISTINCT scd.COURSE) AS Total_Courses, COUNT(CASE WHEN scd.IS_DEGREE_GRANTING = 'Y' THEN 1 END) AS Num_Degree_Granting_Y FROM SIS_COURSE_DESCRIPTION scd JOIN SIS_DEPARTMENT sd ON scd.DEPARTMENT = sd.DEPARTMENT_CODE JOIN SIS_SUBJECT_CODE ssc ON scd.COURSE = ssc.COURSE_NUMBER GROUP BY sd.SCHOOL_NAME;","For each school, list the school name, total number of courses that appear in SIS subject code catalog, and the total number of degree-granting courses that appear in SIS subject code catalog.","For each school name, how many distinct courses are offered in total, and how many of those courses are degree-granting (flagged “Y”)?","For each school name, how many distinct courses are offered in total, and how many of those courses are degree-granting (flagged “Y”)?",True,"For each school, list the school name, total number of **distinct** courses that appear in SIS subject code catalog, and the total number of degree-granting courses (**where SIS_COURSE_DESCRIPTION.IS_DEGREE_GRANTING = 'Y'**) that appear in SIS subject code catalog.",False,"For each school name, how many distinct courses are offered in total, and how many of those courses are degree-granting (flagged “Y”)?",True,"For each school, how many courses are offered in total, and how many of those count as degree-granting?",False,"For each school, list the school name, the total number of distinct courses that appear in the SIS subject code catalog, and the total number of degree-granting courses (marked “Y”) that appear in the SIS subject code catalog.",False,,True
120,"SELECT sd.DEPARTMENT_NAME, sad.DEPARTMENT_PHONE_NUMBER, COUNT(DISTINCT msd.EMAIL_ADDRESS) AS Num_Students, MAX(LENGTH(msd.FULL_NAME)) AS Longest_Student_Name_Length FROM MIT_STUDENT_DIRECTORY msd JOIN SIS_DEPARTMENT sd ON msd.DEPARTMENT = sd.DEPARTMENT_CODE JOIN SIS_ADMIN_DEPARTMENT sad ON sd.DEPARTMENT_CODE = sad.SIS_ADMIN_DEPARTMENT_CODE GROUP BY sd.DEPARTMENT_NAME, sad.DEPARTMENT_PHONE_NUMBER;","For each department, list the department name, department phone number, number of students, and the length of the longest student full name in that department.","For each department, grouped by department name and department phone number, how many distinct students are there (based on unique student email addresses), and what is the maximum length of any student’s full name in that department?","For each department, grouped by department name and department phone number, how many distinct students are there (based on unique student email addresses), and what is the maximum length of any student’s full name in that department?",True,"For each department, list the department name, department phone number, number of students, and the length of the longest student full name in that department.",True,"For each department, grouped by department name and department phone number, how many distinct students are there (based on unique student email addresses), and what is the maximum length of any student’s full name in that department?",True,"For each department, can you show the department name and phone number, how many students are in it, and the length of the longest student name?",False,"For each department, list the department name, department phone number, number of students (counting each student only once by their email address), and the length of the longest student full name in that department.",False,"For each department, list the department name, department phone number, number of **distinct students (by email address)**, and the length of the longest student full name in that department.",False
